Date,future_median,future_p25,future_p75
2025-11-14,5.0920426065328086e-05,4.9363691985255346e-05,5.232283365882945e-05
2025-11-15,5.0801468613110125e-05,4.903138025658925e-05,5.272044427590214e-05
2025-11-16,5.084155962952015e-05,4.882778474763578e-05,5.335029121292127e-05
2025-11-17,5.0654875541090075e-05,4.832327429253042e-05,5.368385272784781e-05
2025-11-18,5.056824403180593e-05,4.776986905806271e-05,5.3848168406291594e-05
2025-11-19,5.0558637537307085e-05,4.7311750920949914e-05,5.42162573186185e-05
2025-11-20,5.0558207329250474e-05,4.656748305334714e-05,5.4238176965047825e-05
2025-11-21,5.009649766749847e-05,4.65186832611939e-05,5.4430818282839754e-05
2025-11-22,4.986342741177086e-05,4.61183949895014e-05,5.424820996706696e-05
2025-11-23,4.985945677887276e-05,4.547644552304198e-05,5.409098704048948e-05
2025-11-24,4.93455759426455e-05,4.506198567720344e-05,5.502825386570916e-05
2025-11-25,4.905267832130286e-05,4.451006837654511e-05,5.4762405543582055e-05
2025-11-26,4.916637667641472e-05,4.4074681855186366e-05,5.446454699400524e-05
2025-11-27,4.873800677876593e-05,4.3879887515118754e-05,5.417624524455025e-05
2025-11-28,4.851527751187999e-05,4.341796592999306e-05,5.431314281599282e-05
2025-11-29,4.8455924106433786e-05,4.260647794085419e-05,5.443152092259098e-05
2025-11-30,4.840003330690943e-05,4.298272742438356e-05,5.4563286537687274e-05
2025-12-01,4.7841109093520884e-05,4.264433483714966e-05,5.504451264976668e-05
2025-12-02,4.74012127175933e-05,4.2318400246922286e-05,5.489250592192926e-05
2025-12-03,4.771190378795259e-05,4.23230794977682e-05,5.4618178747328473e-05
2025-12-04,4.734518417565071e-05,4.220999866234776e-05,5.4854336539301635e-05
2025-12-05,4.7262666007584954e-05,4.1888641517171114e-05,5.422610380760334e-05
2025-12-06,4.703126622532073e-05,4.140854069657361e-05,5.431923493836095e-05
2025-12-07,4.700298293487381e-05,4.1258429191308175e-05,5.417760264643053e-05
2025-12-08,4.710139679990697e-05,4.0933013181289254e-05,5.384213957524968e-05
2025-12-09,4.696699146590441e-05,4.1134395856985954e-05,5.395926803636665e-05
2025-12-10,4.674960403338345e-05,4.1052031481893995e-05,5.481747198392925e-05
2025-12-11,4.696509771487693e-05,4.09487224702976e-05,5.4875873422688394e-05
2025-12-12,4.7385944987819246e-05,4.051760391264006e-05,5.4282507914358026e-05
2025-12-13,4.705274007104195e-05,4.063690619110078e-05,5.5075439443977196e-05
2025-12-14,4.738270751339576e-05,3.9670104502054963e-05,5.518121692986927e-05
2025-12-15,4.6558130056998954e-05,3.978210269536091e-05,5.4890003118572455e-05
2025-12-16,4.656918934339526e-05,3.9686271565492396e-05,5.568737865216478e-05
2025-12-17,4.661347432347909e-05,3.9389190120885884e-05,5.521045352550122e-05
2025-12-18,4.677457201156894e-05,3.89778865529221e-05,5.5034402163143426e-05
2025-12-19,4.6786609646183304e-05,3.862225867328694e-05,5.5107117001675004e-05
2025-12-20,4.725491399550319e-05,3.864730881129754e-05,5.5607476454345187e-05
2025-12-21,4.6675798829739956e-05,3.8433453004753436e-05,5.5152471163639154e-05
2025-12-22,4.641779514843334e-05,3.8486925130318696e-05,5.56365668406167e-05
2025-12-23,4.666840761370214e-05,3.8108550373345716e-05,5.623248746835084e-05
2025-12-24,4.6352097619581234e-05,3.8084613097690926e-05,5.5938693454521215e-05
2025-12-25,4.5912649431102235e-05,3.759699888115807e-05,5.613142180712687e-05
2025-12-26,4.6308043331468524e-05,3.7138590596532104e-05,5.501243155992697e-05
2025-12-27,4.5952956506848644e-05,3.7436759651260026e-05,5.5449737878627276e-05
2025-12-28,4.5968327824989313e-05,3.7091602632442444e-05,5.4846743527670825e-05
2025-12-29,4.604618662473514e-05,3.68253860339057e-05,5.452119832612564e-05
2025-12-30,4.52857242970067e-05,3.685618165117813e-05,5.504657106689122e-05
2025-12-31,4.5268649260516526e-05,3.6518318786603755e-05,5.440511174712106e-05
2026-01-01,4.487358451219557e-05,3.641051374927989e-05,5.5086392795371865e-05
2026-01-02,4.475199254703513e-05,3.624156479826117e-05,5.5530951176060636e-05
2026-01-03,4.484834526181878e-05,3.564256540280495e-05,5.5003025906311827e-05
2026-01-04,4.508967325403304e-05,3.553174847698311e-05,5.480796489576852e-05
2026-01-05,4.523824421626619e-05,3.565358750392359e-05,5.490018133646069e-05
2026-01-06,4.4933283736339584e-05,3.59924172607282e-05,5.474117933893064e-05
2026-01-07,4.449112610813817e-05,3.5185720801544173e-05,5.4908811076613915e-05
2026-01-08,4.41862248111678e-05,3.500257243786558e-05,5.4538998220556844e-05
2026-01-09,4.4448391721230165e-05,3.50185060310206e-05,5.488818533585428e-05
2026-01-10,4.3833243422838403e-05,3.455562894797798e-05,5.4864326079656774e-05
2026-01-11,4.3963065469580724e-05,3.422893471515391e-05,5.549086069677264e-05
2026-01-12,4.4050899636583965e-05,3.438453293132193e-05,5.498792458095775e-05
2026-01-13,4.381219814014388e-05,3.460816559739124e-05,5.430789405381275e-05
2026-01-14,4.36338449138844e-05,3.413774697067188e-05,5.4369248700502975e-05
2026-01-15,4.357274203150957e-05,3.379845103279385e-05,5.4422603977888626e-05
2026-01-16,4.317317551028443e-05,3.349423286859984e-05,5.503540172532888e-05
2026-01-17,4.350866025242767e-05,3.38126508786921e-05,5.4479480446761474e-05
2026-01-18,4.2828143111428745e-05,3.31818974639321e-05,5.453553056641545e-05
2026-01-19,4.2867066377584616e-05,3.306619865781886e-05,5.432733312941537e-05
2026-01-20,4.254176699765307e-05,3.275208863587446e-05,5.4277271004600524e-05
2026-01-21,4.2105771033290075e-05,3.268167768167887e-05,5.398582439270595e-05
2026-01-22,4.219381803268022e-05,3.2891077098590906e-05,5.3864298708942534e-05
2026-01-23,4.172960315203072e-05,3.274009959341456e-05,5.330456063391421e-05
2026-01-24,4.2106448860562325e-05,3.215297346608282e-05,5.331478257220742e-05
2026-01-25,4.258450033283829e-05,3.160064795442046e-05,5.288950262130433e-05
2026-01-26,4.286745664364313e-05,3.1980526839168817e-05,5.3111066378246785e-05
2026-01-27,4.236379995504936e-05,3.232013256453756e-05,5.295696246814404e-05
2026-01-28,4.173639764875464e-05,3.191662020461235e-05,5.264981904428983e-05
2026-01-29,4.1897465501580474e-05,3.194370799601621e-05,5.214741581757884e-05
2026-01-30,4.146551230145234e-05,3.225719552728474e-05,5.242473664869711e-05
2026-01-31,4.116923466442946e-05,3.2146963893601085e-05,5.267812819933471e-05
2026-02-01,4.151138536939984e-05,3.178928631024748e-05,5.301663869236193e-05
2026-02-02,4.149836192865668e-05,3.200371474950325e-05,5.290717927171631e-05
2026-02-03,4.121949872540387e-05,3.23021657130986e-05,5.214317054987089e-05
2026-02-04,4.096783479490151e-05,3.170456438315984e-05,5.186621146482582e-05
2026-02-05,4.06899347540074e-05,3.135829265178233e-05,5.264937093803756e-05
2026-02-06,4.099347012022106e-05,3.100913939655049e-05,5.217586038088829e-05
2026-02-07,4.089365551071929e-05,3.099300701375111e-05,5.183282097644766e-05
2026-02-08,4.067457319134581e-05,3.0666492934893784e-05,5.3120242966275245e-05
2026-02-09,4.086630888933669e-05,3.102761911111136e-05,5.226752158198934e-05
2026-02-10,4.051924783659738e-05,3.1253762404932806e-05,5.289765249960642e-05
2026-02-11,4.039611240632949e-05,3.056580462544899e-05,5.265213218127568e-05
2026-02-12,4.061244554304826e-05,3.056812431046215e-05,5.226599970872264e-05
2026-02-13,4.0755549877555096e-05,3.020353303273192e-05,5.268853873308879e-05
2026-02-14,4.0867800235763986e-05,3.004466932082891e-05,5.251448367432674e-05
2026-02-15,4.037709341611318e-05,3.0135310643849147e-05,5.2937372049640124e-05
2026-02-16,4.005122824324597e-05,2.992742221305173e-05,5.2876282080212365e-05
2026-02-17,3.953138390441454e-05,2.963150207025572e-05,5.273934760949496e-05
2026-02-18,3.8884293801121766e-05,2.987565841209687e-05,5.230748077667132e-05
2026-02-19,3.9249332264869105e-05,2.9517931538886714e-05,5.2071196615568095e-05
2026-02-20,3.874661780372558e-05,2.9698115429814256e-05,5.2549390664059385e-05
2026-02-21,3.879836175453611e-05,3.0131971067973326e-05,5.231461395999624e-05
2026-02-22,3.908763739344537e-05,2.959979400857986e-05,5.269843681534514e-05
2026-02-23,3.9027385452076674e-05,2.9045823707912077e-05,5.206701389437812e-05
2026-02-24,3.913873476168569e-05,2.927276831542291e-05,5.1824611719454846e-05
2026-02-25,3.850697657914023e-05,2.920514851733694e-05,5.139534954413778e-05
2026-02-26,3.790889290913857e-05,2.9015783399695072e-05,5.2051929065453714e-05
2026-02-27,3.764744171517805e-05,2.877481867690805e-05,5.18855046730945e-05
2026-02-28,3.790889645311949e-05,2.9240100990179592e-05,5.087811424449164e-05
2026-03-01,3.826637017558063e-05,2.8940022485631084e-05,5.051342035116143e-05
2026-03-02,3.764281342590311e-05,2.867160897434109e-05,5.051301006266328e-05
2026-03-03,3.8247331167359664e-05,2.8987829555113755e-05,5.067696559877925e-05
2026-03-04,3.746628266236685e-05,2.8399133201079026e-05,5.0774905567954566e-05
2026-03-05,3.783848929822881e-05,2.812157048972909e-05,5.04271626383979e-05
2026-03-06,3.732718159071881e-05,2.7957504054622216e-05,5.031289806552274e-05
2026-03-07,3.754911125046272e-05,2.802484957480039e-05,5.0875096631592244e-05
2026-03-08,3.751454008869675e-05,2.7774627355291507e-05,5.072683435271031e-05
2026-03-09,3.684662394183092e-05,2.769092304364682e-05,5.0976778000157544e-05
2026-03-10,3.726247833288659e-05,2.8078257848778453e-05,5.0304450190658445e-05
2026-03-11,3.688899073347043e-05,2.7493754963012014e-05,5.04379343255125e-05
2026-03-12,3.7216436883967226e-05,2.7619038762059617e-05,4.9758373892760726e-05
2026-03-13,3.7286811398612465e-05,2.7640610532758857e-05,4.9896867084643646e-05
2026-03-14,3.711207795028518e-05,2.7674329403773413e-05,5.0775708349596394e-05
2026-03-15,3.722977064844879e-05,2.7240487089891533e-05,5.023846386027325e-05
2026-03-16,3.674721033159928e-05,2.7363522195602855e-05,5.0471746402466186e-05
2026-03-17,3.669956029032719e-05,2.7424834021587985e-05,5.0295192079483116e-05
2026-03-18,3.6993696643072726e-05,2.7551367726272397e-05,5.008761747724404e-05
2026-03-19,3.736354433663783e-05,2.7308943621439765e-05,5.0339046522884056e-05
2026-03-20,3.680615926362426e-05,2.7176881134836056e-05,5.036831499996465e-05
2026-03-21,3.7053315005768634e-05,2.706188163982409e-05,4.9468438074244775e-05
2026-03-22,3.706998916457689e-05,2.6659783802674234e-05,4.960570558324923e-05
2026-03-23,3.6964840559537874e-05,2.663970049722709e-05,4.974815518386248e-05
2026-03-24,3.656801883369256e-05,2.6547564755006342e-05,4.9277979973494615e-05
2026-03-25,3.675941905762614e-05,2.674301833018142e-05,4.8976104671453464e-05
2026-03-26,3.6540869557182375e-05,2.7045495446630505e-05,4.945784420367661e-05
2026-03-27,3.6260853364521566e-05,2.644121950983636e-05,4.9911818670085415e-05
2026-03-28,3.5531863672632106e-05,2.6608328568178284e-05,4.975238679107991e-05
2026-03-29,3.654281337874937e-05,2.5872050483314475e-05,5.005725809720592e-05
2026-03-30,3.6115105176796284e-05,2.6152475428630197e-05,4.92820097025606e-05
2026-03-31,3.626590637862842e-05,2.5662862946578242e-05,4.896728363789826e-05
2026-04-01,3.5881399495395414e-05,2.5916598668146087e-05,4.939506946333069e-05
2026-04-02,3.573671451288085e-05,2.5744081003136452e-05,4.946440306777089e-05
2026-04-03,3.610462597337159e-05,2.5305269409829483e-05,4.880106637807121e-05
2026-04-04,3.5651023721861465e-05,2.5274775431567128e-05,4.953675556852162e-05
2026-04-05,3.572624231364826e-05,2.5038822443302355e-05,4.896292032125368e-05
2026-04-06,3.5772383579978716e-05,2.4849532170387373e-05,4.731401430217515e-05
2026-04-07,3.543709237358687e-05,2.488745160854557e-05,4.807465277355357e-05
2026-04-08,3.519951710263481e-05,2.5137184482145448e-05,4.856309910411969e-05
2026-04-09,3.47643152487585e-05,2.4861994335046143e-05,4.901610715586593e-05
2026-04-10,3.449710572175069e-05,2.507060741786479e-05,4.866833004221824e-05
2026-04-11,3.472414359890361e-05,2.4137009940490345e-05,4.8253666443638706e-05
2026-04-12,3.458630311524651e-05,2.4420220995646018e-05,4.8986032526918985e-05
2026-04-13,3.45582574816569e-05,2.4320839293915556e-05,4.889899078239965e-05
2026-04-14,3.441319507271495e-05,2.3900543109141032e-05,4.9446462866191136e-05
2026-04-15,3.417330245889269e-05,2.368511062702157e-05,4.916340910940483e-05
2026-04-16,3.3928443593340694e-05,2.387495813784021e-05,4.861830585478263e-05
2026-04-17,3.388954108858271e-05,2.3585208316378354e-05,4.87339625971176e-05
2026-04-18,3.3490572465333485e-05,2.3249382874133755e-05,4.82959333103687e-05
2026-04-19,3.3224557201492295e-05,2.307652215481534e-05,4.7937100767355145e-05
2026-04-20,3.35687126842618e-05,2.308258828059128e-05,4.7577604038713425e-05
2026-04-21,3.3567881002518895e-05,2.276838184079926e-05,4.772002595803264e-05
2026-04-22,3.337926720629982e-05,2.27403242736411e-05,4.789400696601278e-05
2026-04-23,3.3389499860814336e-05,2.2639502328804405e-05,4.795727729771349e-05
2026-04-24,3.348876907102881e-05,2.261947187759024e-05,4.734951788503169e-05
2026-04-25,3.377867973878628e-05,2.2485001718227397e-05,4.728439968182376e-05
2026-04-26,3.3760105098524625e-05,2.275230710325269e-05,4.756571667034489e-05
2026-04-27,3.342651050685646e-05,2.2333737734087366e-05,4.678445649401218e-05
2026-04-28,3.291132047764596e-05,2.239815440114399e-05,4.7235962589700776e-05
2026-04-29,3.331789040399903e-05,2.2147497776928238e-05,4.713086885366417e-05
2026-04-30,3.306620070481688e-05,2.1953147851349664e-05,4.781634191213541e-05
2026-05-01,3.331405064045982e-05,2.2008788376933625e-05,4.790049467432645e-05
2026-05-02,3.3456921114010024e-05,2.1974707724294323e-05,4.814361768032047e-05
2026-05-03,3.329116428566525e-05,2.178710444993713e-05,4.7603974995796215e-05
2026-05-04,3.304613695769555e-05,2.201014466331941e-05,4.735876065562498e-05
2026-05-05,3.281639224819346e-05,2.171027775018604e-05,4.7751253939903784e-05
2026-05-06,3.285322906656452e-05,2.228405316494867e-05,4.7130113903982645e-05
2026-05-07,3.322302342243476e-05,2.175475199901475e-05,4.677459330101938e-05
2026-05-08,3.283335175263979e-05,2.1827077743431308e-05,4.723020784356015e-05
2026-05-09,3.268273951755159e-05,2.1422297996420765e-05,4.6163070647240206e-05
2026-05-10,3.290406448601412e-05,2.1417623073514477e-05,4.638255445946788e-05
2026-05-11,3.2667531323263656e-05,2.1050685472632842e-05,4.6244250769118815e-05
2026-05-12,3.2168352283884784e-05,2.109232900013765e-05,4.630499755589631e-05
2026-05-13,3.2404952048663867e-05,2.1394735793305362e-05,4.673503039726594e-05
2026-05-14,3.2377212927758763e-05,2.1544273842900723e-05,4.727661933230457e-05
2026-05-15,3.2115362860591644e-05,2.144848031410765e-05,4.720145732327732e-05
2026-05-16,3.211958922858268e-05,2.1505481248680387e-05,4.7120881660385225e-05
2026-05-17,3.1916519137191816e-05,2.1577636468605166e-05,4.618227349350498e-05
2026-05-18,3.17289901042752e-05,2.14270922313816e-05,4.6406936786556356e-05
2026-05-19,3.1426012918262116e-05,2.1225299830303503e-05,4.585350887725072e-05
2026-05-20,3.133316508955522e-05,2.122935014051847e-05,4.493637569836268e-05
2026-05-21,3.149096532285359e-05,2.1317114810726457e-05,4.53879697256523e-05
2026-05-22,3.1713804397136316e-05,2.1007622830081106e-05,4.5215529177436774e-05
2026-05-23,3.13340035953562e-05,2.1077177330491262e-05,4.530693096289914e-05
2026-05-24,3.1391744566788675e-05,2.0777037339323854e-05,4.504791405741374e-05
2026-05-25,3.066034974312342e-05,2.0787569951685768e-05,4.422622478206513e-05
2026-05-26,3.050485623975542e-05,2.055932648541763e-05,4.385082735619192e-05
2026-05-27,3.0677109662228454e-05,2.0401854987540625e-05,4.381855451402603e-05
2026-05-28,3.080134395061344e-05,2.052618705208799e-05,4.34362595211892e-05
2026-05-29,3.088997974815572e-05,2.033932861575708e-05,4.368352511219232e-05
2026-05-30,3.0621570963096156e-05,2.0097887560520015e-05,4.3607354787453544e-05
2026-05-31,2.9920706411852108e-05,2.02506171118012e-05,4.3811880999861366e-05
2026-06-01,2.956554066683146e-05,2.051067026958508e-05,4.400331838720086e-05
2026-06-02,3.019237333663e-05,2.0100346139256506e-05,4.4608023649879585e-05
2026-06-03,2.9875564169423405e-05,1.97176795523729e-05,4.5293049039912445e-05
2026-06-04,2.9930273355689026e-05,1.969832524503934e-05,4.4134049803925986e-05
2026-06-05,2.9984901417089473e-05,1.9748221367611468e-05,4.402214181222588e-05
2026-06-06,2.9798181057266993e-05,1.9842621638264275e-05,4.474382501265544e-05
2026-06-07,2.9522502078614073e-05,1.9755782787290476e-05,4.531363173235145e-05
2026-06-08,2.9447344892974922e-05,1.966771337678501e-05,4.4856911248575185e-05
2026-06-09,2.9217439568170788e-05,1.9645171422420556e-05,4.443762614732203e-05
2026-06-10,2.9195437042053546e-05,1.9594707429541077e-05,4.46914108883021e-05
2026-06-11,2.9093177822758042e-05,1.949437185786627e-05,4.439188586060944e-05
2026-06-12,2.9428398413149772e-05,1.9316414123632897e-05,4.4624087699859424e-05
2026-06-13,2.918792028305323e-05,1.9182716732292654e-05,4.5067244131424536e-05
2026-06-14,2.9006001723405604e-05,1.9484465940455562e-05,4.5268457592130434e-05
2026-06-15,2.875973965464526e-05,1.945695419214711e-05,4.4998144919325175e-05
2026-06-16,2.9444700758551533e-05,1.9088122078732527e-05,4.4415385309446784e-05
2026-06-17,2.9152229574290057e-05,1.907424415520486e-05,4.406867360911145e-05
2026-06-18,2.894127557547749e-05,1.9462171610647463e-05,4.418721349466283e-05
2026-06-19,2.855277350546553e-05,1.934977401865775e-05,4.366353182306033e-05
2026-06-20,2.865177261408859e-05,1.93041576533987e-05,4.383478617523733e-05
2026-06-21,2.8389444390542277e-05,1.9329942211448027e-05,4.378588135053023e-05
2026-06-22,2.8209456941325378e-05,1.8824224199329134e-05,4.334663242213814e-05
2026-06-23,2.8043141954275956e-05,1.9084949566698423e-05,4.357033066166724e-05
2026-06-24,2.8087540035040148e-05,1.8923779911472997e-05,4.436719572815557e-05
2026-06-25,2.8449245836188125e-05,1.8709400703805274e-05,4.406916997413716e-05
2026-06-26,2.8162695407795143e-05,1.897952539626602e-05,4.406825965238975e-05
2026-06-27,2.801999090078063e-05,1.8795525510371484e-05,4.366132583613972e-05
2026-06-28,2.744927492142518e-05,1.8878783727341818e-05,4.405871210847546e-05
2026-06-29,2.7881191859083738e-05,1.9219136931354283e-05,4.3986393165949e-05
2026-06-30,2.7491075977544868e-05,1.922441623509019e-05,4.4001498814748466e-05
2026-07-01,2.7357720197230113e-05,1.8935655988656154e-05,4.375139351295468e-05
2026-07-02,2.7830889788457083e-05,1.879955638829963e-05,4.3213223928614185e-05
2026-07-03,2.790415891656574e-05,1.8665026198225835e-05,4.3961614178976294e-05
2026-07-04,2.7571603427616544e-05,1.9111994492480093e-05,4.378587066447721e-05
2026-07-05,2.7628186942465157e-05,1.9156737336033183e-05,4.3203309751132736e-05
2026-07-06,2.7522318144216394e-05,1.8708169321456064e-05,4.3086104784666154e-05
2026-07-07,2.7463573280409842e-05,1.880081611852528e-05,4.1951095028738505e-05
2026-07-08,2.719644214589172e-05,1.8852882753386087e-05,4.2381517158867955e-05
2026-07-09,2.74338044806571e-05,1.8495988626950803e-05,4.174728146505709e-05
2026-07-10,2.752410645807319e-05,1.843741906885413e-05,4.101425687264678e-05
2026-07-11,2.7473822014644303e-05,1.8263714577517246e-05,4.1272881063626415e-05
2026-07-12,2.7433862091796292e-05,1.8284141591925464e-05,4.1487788247035695e-05
2026-07-13,2.7196885004359102e-05,1.7898333310274638e-05,4.1611638487969024e-05
2026-07-14,2.705107855913735e-05,1.7720600627905762e-05,4.153056424450438e-05
2026-07-15,2.6876655488791384e-05,1.7498075953060286e-05,4.1255569599169e-05
2026-07-16,2.73889977049317e-05,1.7556637340835834e-05,4.1448493747605125e-05
2026-07-17,2.6351172453442882e-05,1.7426603431132e-05,4.117084951131107e-05
2026-07-18,2.6255985893599518e-05,1.7425340473948097e-05,4.1319605251862364e-05
2026-07-19,2.6242215277356777e-05,1.725926772887304e-05,4.117914163966344e-05
2026-07-20,2.6175180503108187e-05,1.7634624274364893e-05,4.128628133321142e-05
2026-07-21,2.588370677589196e-05,1.702473301240308e-05,4.123701437220503e-05
2026-07-22,2.6253724132905258e-05,1.729888625018355e-05,4.1050948269223407e-05
2026-07-23,2.6633647149408735e-05,1.7295745823749246e-05,4.137178208586289e-05
2026-07-24,2.632001119392405e-05,1.7074235851157702e-05,4.0779910786475594e-05
2026-07-25,2.6150130060134146e-05,1.6771767903532678e-05,4.142172825318415e-05
2026-07-26,2.587268948882738e-05,1.6714466896098934e-05,4.171300507731771e-05
2026-07-27,2.5644119173346596e-05,1.706902662501182e-05,4.059566793943572e-05
2026-07-28,2.595920149133297e-05,1.69834110204518e-05,4.045004037116848e-05
2026-07-29,2.5335682146448947e-05,1.689106363732748e-05,4.0925341722127814e-05
2026-07-30,2.5654775769144712e-05,1.6947190618881423e-05,4.0700758246914746e-05
2026-07-31,2.55589437185985e-05,1.6545121817765803e-05,4.057452103785811e-05
2026-08-01,2.5481291026900084e-05,1.642890549042402e-05,4.103016892596059e-05
2026-08-02,2.5620865734250437e-05,1.6342863214045833e-05,4.1161436364129436e-05
2026-08-03,2.554318212127214e-05,1.6299673702413407e-05,4.122781871736773e-05
2026-08-04,2.539886898055742e-05,1.6372899825938318e-05,4.067226351305817e-05
2026-08-05,2.5607360765287002e-05,1.6346201630727457e-05,4.040066639862909e-05
2026-08-06,2.6018386121370582e-05,1.6123255221236717e-05,4.0496780357272046e-05
2026-08-07,2.557490912980751e-05,1.6284564604231825e-05,4.0490215764683206e-05
2026-08-08,2.5287848296728025e-05,1.6195146081861732e-05,4.023820888405056e-05
2026-08-09,2.494719230376161e-05,1.625739605104953e-05,4.0591064690826526e-05
2026-08-10,2.5132963585010552e-05,1.6298708718243365e-05,4.139646218040684e-05
2026-08-11,2.5188791701450878e-05,1.604970455841381e-05,4.066600353966717e-05
2026-08-12,2.483528880908668e-05,1.6133771199425442e-05,4.024386605403602e-05
2026-08-13,2.4956016651624435e-05,1.6200145193705336e-05,3.947858811804494e-05
2026-08-14,2.5116266701917717e-05,1.6287877358976813e-05,3.900376325773121e-05
2026-08-15,2.5285774052818627e-05,1.6206632076809692e-05,3.925952830382372e-05
2026-08-16,2.5300589291852313e-05,1.6114768465400924e-05,3.983345107000221e-05
2026-08-17,2.522386561193027e-05,1.6140531821354497e-05,3.989700584617421e-05
2026-08-18,2.5011690326564766e-05,1.621051654631145e-05,3.94394506852661e-05
2026-08-19,2.5033639119440113e-05,1.6153643064971955e-05,3.997659952472793e-05
2026-08-20,2.52141033192607e-05,1.60591905535955e-05,3.975221508133795e-05
2026-08-21,2.481754423651547e-05,1.5756348951956038e-05,3.9730806690954156e-05
2026-08-22,2.520157982292679e-05,1.568915032397748e-05,3.8545522186963454e-05
2026-08-23,2.4763933660530643e-05,1.5309125719362657e-05,3.850478104319219e-05
2026-08-24,2.5119482114382648e-05,1.531977464908711e-05,3.7900493459488453e-05
2026-08-25,2.4818199233178612e-05,1.5262375440357684e-05,3.758765695790685e-05
2026-08-26,2.45727136059766e-05,1.5484678352084943e-05,3.795749266835902e-05
2026-08-27,2.4565821529748824e-05,1.5523841987410993e-05,3.8242806920952356e-05
2026-08-28,2.410004450381657e-05,1.534847181499252e-05,3.842237983068185e-05
2026-08-29,2.3889165785222167e-05,1.5175818325483107e-05,3.848194303574727e-05
2026-08-30,2.4023922541897154e-05,1.4897534078302984e-05,3.815525808275345e-05
2026-08-31,2.3705884571716972e-05,1.4763472204454479e-05,3.7656034283627545e-05
2026-09-01,2.3401026221223924e-05,1.4794545165961705e-05,3.78388588592775e-05
2026-09-02,2.3350427613668512e-05,1.4684412818352785e-05,3.858140271021336e-05
2026-09-03,2.3336991655462554e-05,1.4660444322070783e-05,3.7875177087271705e-05
2026-09-04,2.3714857549800986e-05,1.4454641302649677e-05,3.79283942263676e-05
2026-09-05,2.376784469987386e-05,1.4172267468558785e-05,3.712627570430773e-05
2026-09-06,2.3461637875449737e-05,1.4430756253917915e-05,3.7134266571361475e-05
2026-09-07,2.354656823951122e-05,1.4262212018564204e-05,3.750120179968432e-05
2026-09-08,2.3418737109379487e-05,1.4392903269064888e-05,3.747235081985684e-05
2026-09-09,2.3478518451675723e-05,1.471413690422923e-05,3.713703191647002e-05
2026-09-10,2.3464865163516692e-05,1.4531385639753355e-05,3.739017299731616e-05
2026-09-11,2.384204961052587e-05,1.434511774698064e-05,3.785088302986638e-05
2026-09-12,2.343507078992236e-05,1.407713826759767e-05,3.732374060102847e-05
2026-09-13,2.3593046073571027e-05,1.436585833217088e-05,3.6840187928510196e-05
2026-09-14,2.314097055313743e-05,1.4498342333716593e-05,3.6801225492295384e-05
2026-09-15,2.310520790987417e-05,1.408513914600003e-05,3.582519620450554e-05
2026-09-16,2.303522891556043e-05,1.4207534096503972e-05,3.629153260132805e-05
2026-09-17,2.295036808733751e-05,1.3922572152183368e-05,3.596099627090815e-05
2026-09-18,2.3320330103050018e-05,1.4086319286557891e-05,3.6506971889423804e-05
2026-09-19,2.3611962801659445e-05,1.4067375638557502e-05,3.596326258189577e-05
2026-09-20,2.346650599075791e-05,1.4376990896950754e-05,3.631471153072619e-05
2026-09-21,2.2755322905699346e-05,1.4277319414388764e-05,3.602783015884596e-05
2026-09-22,2.2936702387986612e-05,1.4356860206336566e-05,3.633661726585732e-05
2026-09-23,2.275979975460782e-05,1.4438098748278593e-05,3.6573115765444204e-05
2026-09-24,2.280966893812702e-05,1.4275258809271084e-05,3.663224130275948e-05
2026-09-25,2.2791025349496888e-05,1.4426557133207006e-05,3.6113073466813665e-05
2026-09-26,2.2681100604367232e-05,1.4478790251415632e-05,3.658830320852151e-05
2026-09-27,2.2644900841729546e-05,1.4295260764522938e-05,3.615466789092258e-05
2026-09-28,2.2668596753447212e-05,1.4265935271804586e-05,3.624208062380945e-05
2026-09-29,2.2495778350749254e-05,1.4161642960263671e-05,3.666593588632351e-05
2026-09-30,2.228816965603093e-05,1.3794452904985024e-05,3.552534007315459e-05
2026-10-01,2.2174211800554093e-05,1.3765360044822792e-05,3.553164573888758e-05
2026-10-02,2.204358809406537e-05,1.376964745150206e-05,3.595070157061319e-05
2026-10-03,2.1909251416584617e-05,1.3418985117674988e-05,3.562687975036609e-05
2026-10-04,2.2186867158644317e-05,1.3347927956251617e-05,3.5613813829137164e-05
2026-10-05,2.1918405726561617e-05,1.3569740951107168e-05,3.578332250641161e-05
2026-10-06,2.174376374062575e-05,1.3559368545049513e-05,3.651214623543354e-05
2026-10-07,2.1646752924831263e-05,1.3552752136973119e-05,3.621730858203401e-05
2026-10-08,2.1564986507136264e-05,1.3319401992048965e-05,3.5130509316665297e-05
2026-10-09,2.124746949457681e-05,1.339382299038476e-05,3.5389579648073405e-05
2026-10-10,2.1190514888569015e-05,1.306182406953479e-05,3.59493090253428e-05
2026-10-11,2.1089654689101276e-05,1.27647229574442e-05,3.483145519131861e-05
2026-10-12,2.0850867780255116e-05,1.2736443462799666e-05,3.559044256363124e-05
2026-10-13,2.1073712201632663e-05,1.2902203675365025e-05,3.518679323012444e-05
2026-10-14,2.126480816957564e-05,1.2840769912884969e-05,3.4941809159900247e-05
2026-10-15,2.1119268769933195e-05,1.2664224546427572e-05,3.4092047931040706e-05
2026-10-16,2.047279749641874e-05,1.268610744027343e-05,3.466743142646829e-05
2026-10-17,2.0821511151988997e-05,1.2524404355102833e-05,3.4998963534477926e-05
2026-10-18,2.068540105935702e-05,1.2341580920466124e-05,3.493868785065871e-05
2026-10-19,2.0570541301319565e-05,1.2626717789215983e-05,3.461960145879033e-05
2026-10-20,2.096101200476198e-05,1.2570413555333987e-05,3.521582922160712e-05
2026-10-21,2.0503010825570377e-05,1.2412530231420827e-05,3.431078406458607e-05
2026-10-22,2.0422412230648077e-05,1.2105122845014368e-05,3.4507062793525086e-05
2026-10-23,2.054643028390052e-05,1.2064779682039446e-05,3.354019749722752e-05
2026-10-24,2.0254590387674668e-05,1.1980337726994686e-05,3.3597172162529726e-05
2026-10-25,2.0389611113749812e-05,1.2108079187670774e-05,3.345028717923887e-05
2026-10-26,2.0472233457525836e-05,1.213571787258777e-05,3.405339696895062e-05
2026-10-27,2.0243538636307936e-05,1.1918760954806335e-05,3.4469517399696436e-05
2026-10-28,2.0363602208436568e-05,1.1770945615825537e-05,3.437211009991551e-05
2026-10-29,2.055984044282055e-05,1.1946257056908491e-05,3.457668310976004e-05
2026-10-30,2.01565271194468e-05,1.1992837869717041e-05,3.4048287351513606e-05
2026-10-31,2.012056189443917e-05,1.184819254013112e-05,3.38821358194728e-05
2026-11-01,2.052733924352255e-05,1.1735121018637608e-05,3.415698733533112e-05
2026-11-02,2.0544037194000157e-05,1.1768796873531159e-05,3.4579166507330136e-05
2026-11-03,2.0489104268775214e-05,1.1513916962068333e-05,3.405006818426757e-05
2026-11-04,2.0477181005208774e-05,1.143766919068899e-05,3.40123621458556e-05
2026-11-05,2.041433298965863e-05,1.160413872881517e-05,3.484105022034876e-05
2026-11-06,2.0524532061455538e-05,1.1745847437957319e-05,3.471769938498434e-05
2026-11-07,2.0281672760891976e-05,1.159528716775081e-05,3.3716358542746024e-05
2026-11-08,2.0118485675306822e-05,1.1147411370674799e-05,3.344746687060991e-05
2026-11-09,2.0176880821405605e-05,1.148168991974126e-05,3.4152116347580246e-05
2026-11-10,2.00360088896624e-05,1.1637006412068315e-05,3.40333482703738e-05
2026-11-11,1.9630783272642273e-05,1.1307174628399298e-05,3.3982178045562933e-05
2026-11-12,1.961098830827121e-05,1.1517568747921143e-05,3.351848932878551e-05
2026-11-13,1.9624741925090493e-05,1.144025870083031e-05,3.369665493425292e-05
2026-11-14,1.940690874450785e-05,1.1285432971598615e-05,3.44020986943427e-05
2026-11-15,1.9353657384541906e-05,1.1450239659217592e-05,3.375636430767826e-05
2026-11-16,1.9552157523158066e-05,1.137803783108249e-05,3.4173602451156554e-05
2026-11-17,1.9317188719095244e-05,1.106208490720443e-05,3.387605193290393e-05
2026-11-18,1.9240748878326036e-05,1.1075508378076267e-05,3.363293852407308e-05
2026-11-19,1.935624486835262e-05,1.100769883979141e-05,3.311103512844821e-05
2026-11-20,1.9333184760683626e-05,1.0810613586930535e-05,3.255750493052446e-05
2026-11-21,1.9252967401372813e-05,1.0718010621553423e-05,3.281794762846829e-05
2026-11-22,1.9138204823459492e-05,1.0726333551169927e-05,3.333729195686109e-05
2026-11-23,1.8852008793268226e-05,1.0812569545408163e-05,3.38098999844416e-05
2026-11-24,1.8700948910089255e-05,1.048184494840809e-05,3.2995458444170875e-05
2026-11-25,1.869832352200274e-05,1.0489405640190541e-05,3.247538390467527e-05
2026-11-26,1.853167121389723e-05,1.040786375173548e-05,3.150648337287721e-05
2026-11-27,1.846805199634874e-05,1.0722906038781492e-05,3.2461647891533656e-05
2026-11-28,1.8596494502750576e-05,1.0484185095552238e-05,3.247408313788704e-05
2026-11-29,1.860137746701417e-05,1.0390769930014403e-05,3.2321694793836496e-05
2026-11-30,1.8473272864152745e-05,1.04803667412937e-05,3.328647940871885e-05
2026-12-01,1.8771245526764163e-05,1.0461193788429375e-05,3.311561020685771e-05
2026-12-02,1.853474055783595e-05,1.0518476857085868e-05,3.2878921336836555e-05
2026-12-03,1.8566210660464114e-05,1.0242106955851639e-05,3.215804387727043e-05
2026-12-04,1.8624939250816354e-05,1.017769863274878e-05,3.1996589862169624e-05
2026-12-05,1.8368169865368558e-05,1.0335074478537248e-05,3.205299221628348e-05
2026-12-06,1.845277712109155e-05,1.0431546229839523e-05,3.150721054299209e-05
2026-12-07,1.8493333561950305e-05,1.0276682680173474e-05,3.139852293663028e-05
2026-12-08,1.8273039479610956e-05,1.0205621796836572e-05,3.119001815815478e-05
2026-12-09,1.8458392392163567e-05,1.0222693398331272e-05,3.1431728115577364e-05
2026-12-10,1.8343059613559766e-05,1.0044506973376299e-05,3.1546013145164366e-05
2026-12-11,1.812055438480514e-05,1.0230287643907664e-05,3.1970972667051225e-05
2026-12-12,1.8242709724864666e-05,1.0059307384697895e-05,3.249571438319216e-05
2026-12-13,1.8112053922834404e-05,9.880515593972956e-06,3.176036234960978e-05
2026-12-14,1.8083394840872626e-05,9.850003630903857e-06,3.140503500532549e-05
2026-12-15,1.8000011869874814e-05,9.73139439216876e-06,3.12857618713977e-05
2026-12-16,1.797191601626863e-05,9.765444599679936e-06,3.164114840640261e-05
2026-12-17,1.802399675168654e-05,9.936234705590862e-06,3.160343604068358e-05
2026-12-18,1.794587692417955e-05,9.862447107814285e-06,3.1247917238842985e-05
2026-12-19,1.8132859500070436e-05,1.0000929960839334e-05,3.14097807701503e-05
2026-12-20,1.7808087784212546e-05,1.0054801696032834e-05,3.1741918799494e-05
2026-12-21,1.7396573608034478e-05,9.919696826297362e-06,3.073555890434497e-05
2026-12-22,1.7433230817322673e-05,9.910736739935868e-06,3.1746151082300835e-05
2026-12-23,1.765367912179919e-05,9.943614544837446e-06,3.136240158017713e-05
2026-12-24,1.7688982583369982e-05,9.930209438784857e-06,3.088328282221735e-05
2026-12-25,1.7291617986437286e-05,9.868000033752235e-06,3.111412343020943e-05
2026-12-26,1.7421541899742853e-05,9.78427718526296e-06,3.0081194104696253e-05
2026-12-27,1.730064477875573e-05,9.604466331383875e-06,3.0063903375141904e-05
2026-12-28,1.708336158882965e-05,9.51958087625936e-06,3.0557582359786546e-05
2026-12-29,1.694821479393874e-05,9.740974084519149e-06,3.0141728048721586e-05
2026-12-30,1.6974823296213637e-05,9.848202215541263e-06,3.0490189490771166e-05
2026-12-31,1.7057501138430486e-05,9.701157143083953e-06,2.9808832778236642e-05
2027-01-01,1.6807514487177806e-05,9.56856913094131e-06,2.955309675516932e-05
2027-01-02,1.68071212344294e-05,9.635200072435825e-06,2.9235137757044355e-05
2027-01-03,1.6705293978939608e-05,9.591166775090672e-06,2.9343346119148736e-05
2027-01-04,1.691605045693514e-05,9.350771108618507e-06,2.9325202685411164e-05
2027-01-05,1.690628835138198e-05,9.188448321789131e-06,2.9744873812224474e-05
2027-01-06,1.667496360866298e-05,9.267563664212173e-06,2.991984137704209e-05
2027-01-07,1.6494999815104245e-05,9.333196709913383e-06,2.9735530836023917e-05
2027-01-08,1.6625766597456715e-05,9.187066010089947e-06,2.931728589071089e-05
2027-01-09,1.661519094694069e-05,9.175712499036761e-06,2.937828482123769e-05
2027-01-10,1.661470217545995e-05,9.159101377510275e-06,2.9627225499194505e-05
2027-01-11,1.6471823035087283e-05,9.264801031394955e-06,2.8851973922924894e-05
2027-01-12,1.645364978902785e-05,9.26604386679923e-06,2.896622436670585e-05
2027-01-13,1.638230960080601e-05,9.064708952686525e-06,2.8860222204784664e-05
2027-01-14,1.6198119465339347e-05,8.977264730787983e-06,2.8882473018731818e-05
2027-01-15,1.631581410400053e-05,9.117182074955591e-06,2.8562476899081208e-05
2027-01-16,1.624911312852689e-05,8.799702755504893e-06,2.872625076489826e-05
2027-01-17,1.595073367664661e-05,8.8841747593028e-06,2.802919962675756e-05
2027-01-18,1.6176124874956122e-05,8.807934715232883e-06,2.8199176835111894e-05
2027-01-19,1.645023569094819e-05,8.943824482838061e-06,2.8514281529101452e-05
2027-01-20,1.621208318066115e-05,8.777518854952957e-06,2.801042870410488e-05
2027-01-21,1.6398031565918602e-05,8.788083804607843e-06,2.8180942910553586e-05
2027-01-22,1.6180211842032954e-05,8.696081494051808e-06,2.8071760009729097e-05
2027-01-23,1.646342404269808e-05,8.744468771989806e-06,2.8094254226372876e-05
2027-01-24,1.6061366944623024e-05,8.624567179359843e-06,2.8490006509909507e-05
2027-01-25,1.6051495907228706e-05,8.633158347529737e-06,2.8404977354902848e-05
2027-01-26,1.6032324808174804e-05,8.609831911938986e-06,2.82222047591575e-05
2027-01-27,1.598678649028522e-05,8.489205925312494e-06,2.8176529043144653e-05
2027-01-28,1.575880271683775e-05,8.536898825947798e-06,2.807624424104339e-05
2027-01-29,1.5759855558093778e-05,8.660652774491559e-06,2.866216366698941e-05
2027-01-30,1.5518667445254802e-05,8.572235147422086e-06,2.8162908032660757e-05
2027-01-31,1.5240381677609736e-05,8.641889790419436e-06,2.784794579140953e-05
2027-02-01,1.5319827433935107e-05,8.619426815141303e-06,2.8009906315723028e-05
2027-02-02,1.5134843546563197e-05,8.412547763445598e-06,2.845815659605122e-05
2027-02-03,1.5067242670680452e-05,8.427254275659985e-06,2.9118193989352435e-05
2027-02-04,1.5137188738064946e-05,8.413554618704609e-06,2.887062829364221e-05
2027-02-05,1.524526295157888e-05,8.36228795776337e-06,2.8457666665945506e-05
2027-02-06,1.5191141025819517e-05,8.330195163472246e-06,2.8198383387964947e-05
2027-02-07,1.530534207208551e-05,8.225705282572175e-06,2.7532265101239605e-05
2027-02-08,1.5313844820711743e-05,8.103269221257358e-06,2.73325466043676e-05
2027-02-09,1.546994948635242e-05,8.140896220541031e-06,2.77864165387681e-05
2027-02-10,1.5055941367089251e-05,8.230880838598408e-06,2.8085374279656614e-05
2027-02-11,1.5099220843417447e-05,8.222892750535537e-06,2.811005688268742e-05
2027-02-12,1.50692342775473e-05,8.152824165835878e-06,2.7457037965573988e-05
2027-02-13,1.5154586664285264e-05,8.023892443245012e-06,2.7552566624352713e-05
2027-02-14,1.511426590388591e-05,7.91788748007992e-06,2.7868124372276294e-05
2027-02-15,1.503266959790389e-05,8.083244053174685e-06,2.7777223159749416e-05
2027-02-16,1.4803317764450758e-05,8.092307414661637e-06,2.811511080892926e-05
2027-02-17,1.4735437990160372e-05,8.08965286240971e-06,2.8567765520799006e-05
2027-02-18,1.4799777187392843e-05,8.079811662409411e-06,2.807656020278737e-05
2027-02-19,1.4736526293844066e-05,8.041989480624877e-06,2.818444809696846e-05
2027-02-20,1.5002022245840474e-05,7.995276830461046e-06,2.8483829602558906e-05
2027-02-21,1.4754464738985805e-05,7.853130584156924e-06,2.8388453203373155e-05
2027-02-22,1.4348957622434521e-05,7.748588141265562e-06,2.8217660102354828e-05
2027-02-23,1.4595246008956667e-05,7.535276818455734e-06,2.8185322051147085e-05
2027-02-24,1.4790604205530254e-05,7.4479629140746825e-06,2.8354942802138277e-05
2027-02-25,1.4865817397654134e-05,7.428217002334707e-06,2.8367525303779162e-05
2027-02-26,1.4600675959693898e-05,7.321805579180621e-06,2.887942062494548e-05
2027-02-27,1.4881202746693924e-05,7.442759838731085e-06,2.82567799664964e-05
2027-02-28,1.4875435372314239e-05,7.386001878593432e-06,2.854795404338039e-05
2027-03-01,1.4609008378580524e-05,7.365130526568837e-06,2.815479113960151e-05
2027-03-02,1.4639134990936775e-05,7.432520530374961e-06,2.8138829291318e-05
2027-03-03,1.4538316355905653e-05,7.396599009431841e-06,2.7724168623891564e-05
2027-03-04,1.4600954757734553e-05,7.462267495688434e-06,2.8124975381761982e-05
2027-03-05,1.4378182947188818e-05,7.400633824282031e-06,2.8019738856535023e-05
2027-03-06,1.4338036276177272e-05,7.31699374351551e-06,2.6902284736450636e-05
2027-03-07,1.4337385379396003e-05,7.438797560075921e-06,2.707042721757591e-05
2027-03-08,1.4474854795775096e-05,7.401596720306487e-06,2.6826399163749624e-05
2027-03-09,1.4361007091338229e-05,7.47098576910123e-06,2.6963661173253207e-05
2027-03-10,1.411614309414802e-05,7.468844562568123e-06,2.6774502548939608e-05
2027-03-11,1.4004882861314913e-05,7.309012673722322e-06,2.654391566726414e-05
2027-03-12,1.386095354162234e-05,7.462751236736852e-06,2.6910403622133327e-05
2027-03-13,1.3747678767722413e-05,7.487258832932646e-06,2.6415350537295612e-05
2027-03-14,1.3627324361158313e-05,7.419568808994369e-06,2.6245623243385452e-05
2027-03-15,1.3646101645571555e-05,7.314982600773932e-06,2.6020512195265644e-05
2027-03-16,1.3622263870506555e-05,7.363378846039989e-06,2.6020989128597854e-05
2027-03-17,1.3378599979263837e-05,7.193288453197638e-06,2.5703876814304198e-05
2027-03-18,1.3617724741622381e-05,7.1228462707621045e-06,2.5411022251850445e-05
2027-03-19,1.3806533330257595e-05,7.0028499700390346e-06,2.532090193725041e-05
2027-03-20,1.3898443738960196e-05,7.0378027952608004e-06,2.5488126259743458e-05
2027-03-21,1.3797460313955146e-05,7.083492206403426e-06,2.608561974145735e-05
2027-03-22,1.3816311060834603e-05,6.89180140702281e-06,2.5948675050857128e-05
2027-03-23,1.3874047327371919e-05,6.7877261550691665e-06,2.587510221819206e-05
2027-03-24,1.3807540370969469e-05,6.691215587243144e-06,2.6391138746610655e-05
2027-03-25,1.3536129438183627e-05,6.8044637368604275e-06,2.62075739107978e-05
2027-03-26,1.3697454000037215e-05,6.7813829454733265e-06,2.6411225490197432e-05
2027-03-27,1.3705248050325484e-05,6.559642878573649e-06,2.5576851930765788e-05
2027-03-28,1.3347594477024074e-05,6.653870020132406e-06,2.5404475595329794e-05
2027-03-29,1.3234135386900295e-05,6.6256280247617805e-06,2.56063747442284e-05
2027-03-30,1.3444343738999174e-05,6.67974522004982e-06,2.6010972056208062e-05
2027-03-31,1.3312477620549043e-05,6.545461823195692e-06,2.578487792471377e-05
2027-04-01,1.3582863720716247e-05,6.520275259936036e-06,2.5454657781787996e-05
2027-04-02,1.3284428767226619e-05,6.535288758941045e-06,2.5356098716453698e-05
2027-04-03,1.3453062975089124e-05,6.5390182285938896e-06,2.5138267834602992e-05
2027-04-04,1.3322996709216863e-05,6.680133686658371e-06,2.5204581484057134e-05
2027-04-05,1.3448479591273162e-05,6.5829468124727105e-06,2.547295035496362e-05
2027-04-06,1.3254986473645336e-05,6.637848084152093e-06,2.515532023534334e-05
2027-04-07,1.3438017263281417e-05,6.654628002030083e-06,2.4894825807422792e-05
2027-04-08,1.3417205030899367e-05,6.697385963694484e-06,2.4904094951989648e-05
2027-04-09,1.3426152835564608e-05,6.63983394961645e-06,2.472119164391744e-05
2027-04-10,1.3291602936592826e-05,6.474439685822959e-06,2.5120230885644937e-05
2027-04-11,1.3166685763879387e-05,6.5336871522725055e-06,2.49042500374713e-05
2027-04-12,1.3303225867541836e-05,6.554312763297328e-06,2.5585121368455575e-05
2027-04-13,1.3472428103543632e-05,6.349961563295839e-06,2.4834301148941064e-05
2027-04-14,1.3269055097116832e-05,6.38483560024878e-06,2.488498460936066e-05
2027-04-15,1.3316059461670499e-05,6.237630876938197e-06,2.5205028269533822e-05
2027-04-16,1.3489584950563318e-05,6.2660737932778346e-06,2.5120357140092914e-05
2027-04-17,1.3498196867577252e-05,6.37781290138454e-06,2.5267254494843067e-05
2027-04-18,1.3424335622905238e-05,6.347521952037447e-06,2.5075512993176712e-05
2027-04-19,1.3851278834749811e-05,6.189868805458418e-06,2.5087098366445447e-05
2027-04-20,1.3470342936868284e-05,6.3000632664155615e-06,2.4860711358352996e-05
2027-04-21,1.3475677285055966e-05,6.253059058055123e-06,2.555670938884716e-05
2027-04-22,1.3333702064845867e-05,6.13873898485265e-06,2.5227698292264273e-05
2027-04-23,1.3242473822967376e-05,6.072513941382513e-06,2.5071050500083388e-05
2027-04-24,1.325324751302422e-05,6.19721900523091e-06,2.503033773857276e-05
2027-04-25,1.3562275084813716e-05,6.090914113818624e-06,2.4853229895879542e-05
2027-04-26,1.344608766118942e-05,5.976774367152309e-06,2.5037809432261724e-05
2027-04-27,1.3445242360300183e-05,6.022605856734309e-06,2.4769905341895913e-05
2027-04-28,1.3228372141995735e-05,5.949667112807876e-06,2.4702227859255324e-05
2027-04-29,1.3187258414741094e-05,5.927452826402817e-06,2.4146594525313405e-05
2027-04-30,1.3008228934163139e-05,5.883906866588196e-06,2.409859542181868e-05
2027-05-01,1.3204854619682501e-05,5.883237706302284e-06,2.4552500543683827e-05
2027-05-02,1.3167177352499909e-05,5.898622661688895e-06,2.433337291355458e-05
2027-05-03,1.307242895270542e-05,5.842406857808682e-06,2.3926739487167885e-05
2027-05-04,1.286182955790145e-05,5.794402871664513e-06,2.3385768637872345e-05
2027-05-05,1.2694232243802009e-05,5.776995869012707e-06,2.3410806455278684e-05
2027-05-06,1.2951308763047766e-05,5.907878255559242e-06,2.3422442889644318e-05
2027-05-07,1.2821475392362321e-05,5.765196740435689e-06,2.3297070771358735e-05
2027-05-08,1.2687262792658983e-05,5.819444004760858e-06,2.3607599361633668e-05
2027-05-09,1.2580003339891062e-05,5.803074810308951e-06,2.3421650626774263e-05
2027-05-10,1.2813286003866956e-05,5.9023204116913e-06,2.3304541722516528e-05
2027-05-11,1.2489243909349458e-05,5.925935534217503e-06,2.3423893259986035e-05
2027-05-12,1.240366706745802e-05,5.793448835309522e-06,2.3307853455937025e-05
2027-05-13,1.2698561822221727e-05,5.812024333841637e-06,2.3790921527397533e-05
2027-05-14,1.2309574404514052e-05,5.834631183699916e-06,2.3014960485821618e-05
2027-05-15,1.2344181947883576e-05,5.8988982619590004e-06,2.3650257607820745e-05
2027-05-16,1.2167475292365172e-05,5.869755695774905e-06,2.3772102671573844e-05
2027-05-17,1.2122280613265623e-05,5.898994775074504e-06,2.407163957075491e-05
2027-05-18,1.2087723908219833e-05,5.899690705421605e-06,2.3441112608717647e-05
2027-05-19,1.2169998711224362e-05,5.923763306191289e-06,2.4194282512632963e-05
2027-05-20,1.2188132712174511e-05,5.860535244810469e-06,2.362869613865323e-05
2027-05-21,1.205954804283111e-05,5.825198962718928e-06,2.4087679742880413e-05
2027-05-22,1.2168893198006757e-05,5.758611920392091e-06,2.3916127142142967e-05
2027-05-23,1.2304664195704808e-05,5.834974855528395e-06,2.3591789835639205e-05
2027-05-24,1.2299020265889695e-05,5.767638837507207e-06,2.427485920105515e-05
2027-05-25,1.2289589471704119e-05,5.8407023516703186e-06,2.4487176951346836e-05
2027-05-26,1.213451080553134e-05,5.786723328271884e-06,2.4535824453515306e-05
2027-05-27,1.1994871697488955e-05,5.6949381284800234e-06,2.447013052953457e-05
2027-05-28,1.1931585024591343e-05,5.628911013676749e-06,2.4206139747437304e-05
2027-05-29,1.2012793842745992e-05,5.673410559464055e-06,2.431506201766118e-05
2027-05-30,1.1875080587635104e-05,5.771012414574312e-06,2.3837060613963297e-05
2027-05-31,1.1726306884598052e-05,5.691163527359815e-06,2.4367605160027255e-05
2027-06-01,1.1486293301362975e-05,5.662082685613142e-06,2.4268186729823683e-05
2027-06-02,1.1424031367798984e-05,5.677953908556729e-06,2.421019868081066e-05
2027-06-03,1.1392479941063393e-05,5.594312217837937e-06,2.38666654083928e-05
2027-06-04,1.1309466368421112e-05,5.658734497555082e-06,2.384620661845508e-05
2027-06-05,1.1295653923822919e-05,5.7393585218325405e-06,2.3020022239389448e-05
2027-06-06,1.1418415807749761e-05,5.688416307244357e-06,2.2792311951516442e-05
2027-06-07,1.1574228014663348e-05,5.710538473340831e-06,2.2891477948607847e-05
2027-06-08,1.1561252268129949e-05,5.70169079696804e-06,2.3050465477999737e-05
2027-06-09,1.1505481352596675e-05,5.594708072171691e-06,2.2171558876108534e-05
2027-06-10,1.15699207144992e-05,5.504066422257858e-06,2.206610409961365e-05
2027-06-11,1.1517228032695955e-05,5.550674282136624e-06,2.273723032543533e-05
2027-06-12,1.1363772774819351e-05,5.427458870744049e-06,2.2338854460375944e-05
2027-06-13,1.1073399435923821e-05,5.22724484499902e-06,2.1975276295180235e-05
2027-06-14,1.1306763679000017e-05,5.300566402571877e-06,2.2121307875923507e-05
2027-06-15,1.1314837704930248e-05,5.29043776585948e-06,2.2826206073972564e-05
2027-06-16,1.1184893021100928e-05,5.185424933837873e-06,2.2491579476328045e-05
2027-06-17,1.104710290274197e-05,5.240235798778037e-06,2.2258660264100853e-05
2027-06-18,1.1072311451431917e-05,5.055809992819449e-06,2.1955531169255673e-05
2027-06-19,1.112997675447855e-05,5.1341984450016814e-06,2.1910816408909652e-05
2027-06-20,1.0763482292718486e-05,5.135145797207189e-06,2.2611332069050413e-05
2027-06-21,1.0725805617267927e-05,5.139055049063963e-06,2.2489868126597286e-05
2027-06-22,1.0537499967388553e-05,5.060613225646439e-06,2.2474994505095722e-05
2027-06-23,1.0678771967536497e-05,5.075265459836567e-06,2.174036097450761e-05
2027-06-24,1.060659388249944e-05,5.325096194221817e-06,2.1639083138200118e-05
2027-06-25,1.063039858239086e-05,5.3876031396583355e-06,2.1505405766022343e-05
2027-06-26,1.0863847019507614e-05,5.3266391807313225e-06,2.1725549032531e-05
2027-06-27,1.0643831980221156e-05,5.067590431349796e-06,2.166584713050106e-05
2027-06-28,1.0728964553511096e-05,5.056198309742946e-06,2.1405730152833112e-05
2027-06-29,1.0667168291837664e-05,5.048526378039922e-06,2.169609906454122e-05
2027-06-30,1.0471698034186027e-05,4.924474075099016e-06,2.1805321091196558e-05
2027-07-01,1.0502155805683803e-05,5.011189996393511e-06,2.133503382341378e-05
2027-07-02,1.0435549462926392e-05,4.956210652264348e-06,2.0974604276431525e-05
2027-07-03,1.0354919414046449e-05,4.8719834284100755e-06,2.1334484789874e-05
2027-07-04,1.0439511544271768e-05,5.055738388058708e-06,2.151390472041234e-05
2027-07-05,1.0417331279542808e-05,5.017703714581407e-06,2.143433052502425e-05
2027-07-06,1.0117134202411955e-05,4.9240784065385594e-06,2.1560365278702702e-05
2027-07-07,1.0148722055826586e-05,4.830023002036615e-06,2.1438811650673904e-05
2027-07-08,1.0220404561570371e-05,4.749153310691576e-06,2.113152047073553e-05
2027-07-09,9.878978111036722e-06,4.72426516887313e-06,2.121159339490079e-05
2027-07-10,9.806233026926855e-06,4.727302707134575e-06,2.052040441144443e-05
2027-07-11,9.772243488541328e-06,4.723536841900115e-06,2.0893408594762223e-05
2027-07-12,9.584841418046629e-06,4.773822701588891e-06,2.090792698431351e-05
2027-07-13,9.824994263515367e-06,4.757185076308421e-06,2.0235435632544888e-05
2027-07-14,9.717063668852329e-06,4.707071940548996e-06,2.0274227481379392e-05
2027-07-15,9.795452880327014e-06,4.828838777100299e-06,1.983533216653544e-05
2027-07-16,9.691686425359113e-06,4.648496198709684e-06,1.954783496425392e-05
2027-07-17,9.68446999850751e-06,4.715097519852201e-06,1.9904987682234974e-05
2027-07-18,9.713588171183389e-06,4.679779978508642e-06,2.0182889392339823e-05
2027-07-19,9.667750717476218e-06,4.709226407482824e-06,2.0320092078074764e-05
2027-07-20,9.575263366827044e-06,4.617583340621106e-06,2.0256319133361353e-05
2027-07-21,9.700007499234874e-06,4.63642001719022e-06,1.9966319157007153e-05
2027-07-22,9.600321174175555e-06,4.573879834002306e-06,2.006316435570017e-05
2027-07-23,9.75766430709099e-06,4.524309080993003e-06,2.0047484074946814e-05
2027-07-24,9.844462967264585e-06,4.454111821814627e-06,2.0709846453371155e-05
2027-07-25,9.65800095413707e-06,4.462797281140393e-06,2.0728749017326643e-05
2027-07-26,9.844676644587016e-06,4.572342388748742e-06,2.037951346462056e-05
2027-07-27,9.751031568381944e-06,4.4218362158570164e-06,2.022345533271366e-05
2027-07-28,9.609565975001497e-06,4.385141586055917e-06,2.053342993834213e-05
2027-07-29,9.529071756829855e-06,4.49405616361437e-06,2.0292328853896007e-05
2027-07-30,9.598623663967207e-06,4.318115559904114e-06,2.014581712681362e-05
2027-07-31,9.404789829172777e-06,4.375220177319437e-06,1.9588514198221185e-05
2027-08-01,9.685004804072233e-06,4.411824470053401e-06,1.9738898832996974e-05
2027-08-02,9.352951370727923e-06,4.463929428892097e-06,1.9871051988846283e-05
2027-08-03,9.260855871825346e-06,4.380218899897321e-06,2.0156787969880647e-05
2027-08-04,9.198197635237529e-06,4.344799033887813e-06,2.0027438295485416e-05
2027-08-05,8.953363212970971e-06,4.222277317265825e-06,2.0014695424690973e-05
2027-08-06,9.027317440481226e-06,4.18715630538372e-06,1.9893483699702857e-05
2027-08-07,9.092811794433406e-06,4.191686459112499e-06,2.0298588757095514e-05
2027-08-08,9.193570527588792e-06,4.15003708503695e-06,2.0322503035846796e-05
2027-08-09,9.087050601707852e-06,4.1502307778939855e-06,2.0436475187958795e-05
2027-08-10,9.095241531871049e-06,4.111360930968694e-06,2.0452951881718867e-05
2027-08-11,9.172414687315141e-06,4.169227139877547e-06,2.036963694890512e-05
2027-08-12,9.00305873326039e-06,4.038453172364968e-06,2.0497802449959417e-05
2027-08-13,8.876650916863528e-06,4.152616504828519e-06,2.0349179203358707e-05
2027-08-14,8.887953485584478e-06,4.174266930028688e-06,2.0043203751788876e-05
2027-08-15,8.937202644510333e-06,4.135248203972744e-06,2.019790436264024e-05
2027-08-16,8.952096967521156e-06,4.2640183464796074e-06,1.977696965085145e-05
2027-08-17,9.19606060404573e-06,4.2476482555473815e-06,1.9590832229643808e-05
2027-08-18,9.007430368985153e-06,4.20597068844712e-06,2.029549448904795e-05
2027-08-19,8.888424260007246e-06,4.2185153052391245e-06,2.0238690995381975e-05
2027-08-20,8.987187074087384e-06,4.125255056574845e-06,1.9902146991008978e-05
2027-08-21,9.077643864625422e-06,4.091722118387654e-06,2.0207796225872037e-05
2027-08-22,9.051081004274928e-06,4.124033073724563e-06,2.039783306205815e-05
2027-08-23,9.031667483516822e-06,4.142965987388036e-06,2.071996120117723e-05
2027-08-24,8.840498892038934e-06,4.2526652355709715e-06,2.0556299346069313e-05
2027-08-25,8.71459916986723e-06,4.15227366576767e-06,1.9771814296839255e-05
2027-08-26,8.668664299301954e-06,4.155645471414614e-06,1.9786703882713668e-05
2027-08-27,8.613434465521015e-06,4.078896407422086e-06,2.0162064612069084e-05
2027-08-28,8.643062479394236e-06,4.121648883406182e-06,2.0161631278687377e-05
2027-08-29,8.738697935683953e-06,4.204344720891339e-06,2.009156579854615e-05
2027-08-30,8.727100330747838e-06,4.156765504735469e-06,2.085108115436996e-05
2027-08-31,8.76019123428497e-06,4.134322398461508e-06,2.053677377615492e-05
2027-09-01,8.554002241951402e-06,4.063123924747253e-06,2.037948165672521e-05
2027-09-02,8.617401119525432e-06,4.039669187372954e-06,2.0575252383968178e-05
2027-09-03,8.643762251813391e-06,4.1239726317473035e-06,2.0837712289470157e-05
2027-09-04,8.60578932536126e-06,4.171937676558184e-06,2.0378778763333673e-05
2027-09-05,8.620756728357926e-06,4.166515402352382e-06,2.0486444616246747e-05
2027-09-06,8.615822926049815e-06,4.17706734338514e-06,2.0069402474213273e-05
2027-09-07,8.70202062070874e-06,4.0809735331842974e-06,2.029527711726494e-05
2027-09-08,8.798870963480285e-06,4.024104549468111e-06,1.9843512655395074e-05
2027-09-09,8.58285219645895e-06,4.0488209378280706e-06,2.019436082682318e-05
2027-09-10,8.35001872209169e-06,3.9489677687737474e-06,2.001875781279528e-05
2027-09-11,8.407461109543463e-06,3.9655290254810835e-06,2.0306269257168704e-05
2027-09-12,8.34057655442314e-06,3.9561516762021384e-06,2.0394672851190103e-05
2027-09-13,8.381747716939088e-06,3.922594395249632e-06,2.001179299970444e-05
2027-09-14,8.546664724780989e-06,3.873735168222836e-06,2.002962992823588e-05
2027-09-15,8.43751439220259e-06,3.831804745094533e-06,1.9775092533550415e-05
2027-09-16,8.341124691581266e-06,3.7355429968453573e-06,1.9754967616972313e-05
2027-09-17,8.379453909884237e-06,3.6208118927585875e-06,1.9978897689533504e-05
2027-09-18,8.349142232633583e-06,3.5998633344924953e-06,1.9572409184936133e-05
2027-09-19,8.28911351474234e-06,3.595416841866119e-06,1.9548932232938573e-05
2027-09-20,8.375794046929119e-06,3.7112657116848517e-06,1.946219540640787e-05
2027-09-21,8.415318270595293e-06,3.658708835036238e-06,1.94238507934222e-05
2027-09-22,8.14161298999881e-06,3.6937663856034136e-06,1.896847199961837e-05
2027-09-23,8.1897484737131e-06,3.6601122646763752e-06,1.9432581177418873e-05
2027-09-24,7.989550524211673e-06,3.6954535921810387e-06,1.9072801647668392e-05
2027-09-25,8.028907107554586e-06,3.6604454302185374e-06,1.8667947967968747e-05
2027-09-26,8.300350240625649e-06,3.6825291566813747e-06,1.849439860165032e-05
2027-09-27,8.132500082082045e-06,3.6776656286801452e-06,1.8190141992070446e-05
2027-09-28,8.194591008359573e-06,3.6268133129923065e-06,1.8017363858533317e-05
2027-09-29,8.069991041915931e-06,3.6863136690657815e-06,1.8365224264881416e-05
2027-09-30,8.061396934318157e-06,3.6466728699503548e-06,1.830216345103577e-05
2027-10-01,7.967158043312107e-06,3.530113823304363e-06,1.828432485787808e-05
2027-10-02,8.206971959591298e-06,3.531258426932714e-06,1.8688469128090678e-05
2027-10-03,8.16520191000708e-06,3.4989326763444722e-06,1.839236171851201e-05
2027-10-04,8.065984454171136e-06,3.4153201558138433e-06,1.8185448440114638e-05
2027-10-05,7.977840000775143e-06,3.455182610147516e-06,1.7636615749276042e-05
2027-10-06,8.034789322618417e-06,3.506264216733252e-06,1.7747240990575502e-05
2027-10-07,8.028130046805884e-06,3.4141852506757277e-06,1.7222003186559956e-05
2027-10-08,8.089563406133042e-06,3.430042928118362e-06,1.7267289603066967e-05
2027-10-09,7.992728401021856e-06,3.4071879451976187e-06,1.7610620620505463e-05
2027-10-10,7.872541845320641e-06,3.428874706576594e-06,1.7818164652164927e-05
2027-10-11,7.945730985856192e-06,3.3849964043561594e-06,1.7536023928159282e-05
2027-10-12,7.81010785575485e-06,3.4009207450992647e-06,1.758986728152186e-05
2027-10-13,7.670313117153488e-06,3.367629862164172e-06,1.7271955553631702e-05
2027-10-14,7.642336989799044e-06,3.4073342161809944e-06,1.7236692178632823e-05
2027-10-15,7.682014275590017e-06,3.415311712193183e-06,1.756905710940527e-05
2027-10-16,7.674942501217084e-06,3.413080160352526e-06,1.7984984985574413e-05
2027-10-17,7.581928206992926e-06,3.4530808747197873e-06,1.853942110597998e-05
2027-10-18,7.665618753206687e-06,3.409675467245127e-06,1.7964662331593572e-05
2027-10-19,7.652570916657653e-06,3.3162067207054323e-06,1.7687412933491934e-05
2027-10-20,7.4834756073212615e-06,3.374958653622957e-06,1.8042067683163024e-05
2027-10-21,7.550514247148932e-06,3.3766152418677456e-06,1.793516868758155e-05
2027-10-22,7.475846462549322e-06,3.422334657893506e-06,1.7645058939977906e-05
2027-10-23,7.504876682648644e-06,3.44171173151222e-06,1.7136233617132248e-05
2027-10-24,7.496609250392189e-06,3.436905655033938e-06,1.7435362779374725e-05
2027-10-25,7.413455220135537e-06,3.4386973072720995e-06,1.7929107777909407e-05
2027-10-26,7.450342051145147e-06,3.3992159962325614e-06,1.7833674192584515e-05
2027-10-27,7.469245762746606e-06,3.3837552530392226e-06,1.7606001846874887e-05
2027-10-28,7.53169703160193e-06,3.3002735374276445e-06,1.705113526015707e-05
2027-10-29,7.540619433079498e-06,3.2495822312415626e-06,1.695197807603746e-05
2027-10-30,7.5501483241903566e-06,3.3371864603721037e-06,1.700060370580247e-05
2027-10-31,7.382206108529884e-06,3.3018493809369013e-06,1.698699120250437e-05
2027-11-01,7.394076582289734e-06,3.2298309313265156e-06,1.688333802332279e-05
2027-11-02,7.287916444284199e-06,3.1723576086301403e-06,1.688286798208616e-05
2027-11-03,7.169929153425489e-06,3.1764681948575447e-06,1.62120398145818e-05
2027-11-04,7.201812796801341e-06,3.226370563992982e-06,1.6260236687364183e-05
2027-11-05,7.039205823110698e-06,3.2217973380847767e-06,1.6181633012813282e-05
2027-11-06,7.0245446568607376e-06,3.278875368167839e-06,1.661851751409821e-05
2027-11-07,7.0461248704709274e-06,3.350053260966976e-06,1.7153555583199794e-05
2027-11-08,7.010373851158937e-06,3.2712123328170577e-06,1.6975421965003377e-05
2027-11-09,6.960772249129658e-06,3.2609790356269324e-06,1.739299219899177e-05
2027-11-10,7.008934881255626e-06,3.2985204740701587e-06,1.6899316313755552e-05
2027-11-11,7.0654378434188945e-06,3.28528611204909e-06,1.6974823356000235e-05
2027-11-12,6.9929421917450085e-06,3.320550554868994e-06,1.695296581097856e-05
2027-11-13,6.892702103797733e-06,3.2642481416325033e-06,1.7021606498115038e-05
2027-11-14,6.7362005477323645e-06,3.251663070332391e-06,1.7177959007931052e-05
2027-11-15,6.83745918519658e-06,3.189882161484289e-06,1.704967754054976e-05
2027-11-16,6.89093757530862e-06,3.272152664307694e-06,1.693624664681103e-05
2027-11-17,6.906476423406892e-06,3.225201770139002e-06,1.747235925081763e-05
2027-11-18,6.879270499632189e-06,3.1815110935414525e-06,1.6953366002847243e-05
2027-11-19,6.940460831602988e-06,3.144837313445199e-06,1.6777675690002734e-05
2027-11-20,6.834872445222104e-06,3.174852955900831e-06,1.735650497536846e-05
2027-11-21,6.713286630251565e-06,3.172102580265076e-06,1.711577994967846e-05
2027-11-22,6.728254206228418e-06,3.137531553641883e-06,1.682233703126595e-05
2027-11-23,6.632617400739488e-06,3.202349362841464e-06,1.7294784103448177e-05
2027-11-24,6.65338989719063e-06,3.1640187083370312e-06,1.7379835698733014e-05
2027-11-25,6.850311450437265e-06,3.1601498036431178e-06,1.7328056656961675e-05
2027-11-26,6.858423191509982e-06,3.189223902837229e-06,1.7218343245934185e-05
2027-11-27,6.808907875601611e-06,3.2023941479265343e-06,1.6942742146316222e-05
2027-11-28,6.723464816672623e-06,3.164988009819618e-06,1.7309416300663738e-05
2027-11-29,6.732611693879476e-06,3.2466488340494492e-06,1.6908659044208534e-05
2027-11-30,6.8625622321407756e-06,3.1599815104238454e-06,1.6975011510746125e-05
2027-12-01,6.818877737769558e-06,3.1884893605996163e-06,1.6850917573833368e-05
2027-12-02,6.86586627808543e-06,3.165423805986772e-06,1.7052419358183323e-05
2027-12-03,6.752222610590622e-06,3.0931471921457656e-06,1.702820512054881e-05
2027-12-04,6.795009853996571e-06,3.0816503663902927e-06,1.670412650739421e-05
2027-12-05,6.748572758932389e-06,3.0060171983651716e-06,1.687187860576992e-05
2027-12-06,6.681720516370777e-06,3.0291843006043677e-06,1.7090418164034138e-05
2027-12-07,6.7021818109090144e-06,2.9856778303779727e-06,1.7089096278988527e-05
2027-12-08,6.687707552960542e-06,2.9726184597512812e-06,1.701229000836689e-05
2027-12-09,6.751423937419853e-06,2.945256617006898e-06,1.6815971509873922e-05
2027-12-10,6.916952521211936e-06,2.92807521877399e-06,1.675717067037115e-05
2027-12-11,6.735709082862843e-06,2.910911250322771e-06,1.665900224019829e-05
2027-12-12,6.739472084640717e-06,2.9589687761891554e-06,1.6671372566897296e-05
2027-12-13,6.812302555609169e-06,2.9843574940989723e-06,1.659372244808164e-05
2027-12-14,7.013140797317728e-06,2.953676537435704e-06,1.6722302637881705e-05
2027-12-15,6.754995339345939e-06,2.9622315063032047e-06,1.6555793859885543e-05
2027-12-16,6.758759312417105e-06,2.936074059236276e-06,1.641524741895382e-05
2027-12-17,6.882556884714904e-06,2.9011953996924132e-06,1.651140624740707e-05
2027-12-18,6.7330118917025145e-06,2.954072362608943e-06,1.705398584950331e-05
2027-12-19,6.820224943670797e-06,2.958375777396761e-06,1.6893791148315706e-05
2027-12-20,6.7783708483638755e-06,2.949073976801897e-06,1.6668462490354435e-05
2027-12-21,6.733471129224009e-06,2.8858459112592024e-06,1.6446118231266724e-05
2027-12-22,6.630556726125986e-06,2.8800984574278897e-06,1.630285722780393e-05
2027-12-23,6.621427321500432e-06,2.967578638846318e-06,1.6067708090373137e-05
2027-12-24,6.71648133232383e-06,2.8941695533893524e-06,1.6145830957092047e-05
2027-12-25,6.605914065445963e-06,2.8985912973408026e-06,1.5836011645950103e-05
2027-12-26,6.71668404553553e-06,2.9258232622447467e-06,1.5889394561531976e-05
2027-12-27,6.535496567058688e-06,2.933415674115132e-06,1.605161617334247e-05
2027-12-28,6.4727161252941e-06,2.8671957049653693e-06,1.5896692934686957e-05
2027-12-29,6.469422376740358e-06,2.9460153595442997e-06,1.5876299177835428e-05
2027-12-30,6.496785865060869e-06,2.9506162113324564e-06,1.5568754809966426e-05
2027-12-31,6.4919372767813385e-06,2.923095114387616e-06,1.5961501769089022e-05
2028-01-01,6.454287083704993e-06,2.9281439717463787e-06,1.60207727808758e-05
2028-01-02,6.404800784015081e-06,2.920536961260678e-06,1.5959034829070333e-05
2028-01-03,6.403256132371088e-06,2.9116033201107605e-06,1.5655994175234272e-05
2028-01-04,6.342159758106049e-06,2.894291955477119e-06,1.558623364127298e-05
2028-01-05,6.299904797778722e-06,2.824320088942463e-06,1.5390560989341396e-05
2028-01-06,6.49183940051825e-06,2.897802600983456e-06,1.554601547463717e-05
2028-01-07,6.448753973437875e-06,2.83794259083075e-06,1.5360907464881836e-05
2028-01-08,6.4432625028857605e-06,2.8668098279316376e-06,1.5125272445312728e-05
2028-01-09,6.4174889337795595e-06,2.838094302680189e-06,1.5043087075891233e-05
2028-01-10,6.268216691751079e-06,2.867877623466018e-06,1.4804098788875972e-05
2028-01-11,6.377160824750006e-06,2.81082358110442e-06,1.4587071653037176e-05
2028-01-12,6.279982733998141e-06,2.7408277415950074e-06,1.4543749859209327e-05
2028-01-13,6.243118075935216e-06,2.6363914251286834e-06,1.4581913978741504e-05
2028-01-14,6.1890286741870715e-06,2.7565926802597627e-06,1.452082655039046e-05
2028-01-15,6.226731497874633e-06,2.7621482247355547e-06,1.4807227463586567e-05
2028-01-16,6.224501508061467e-06,2.673693594231177e-06,1.4842802481101133e-05
2028-01-17,6.362189170817543e-06,2.8263545375075145e-06,1.4550399068229967e-05
2028-01-18,6.349549568256117e-06,2.731317263033059e-06,1.48387023804455e-05
2028-01-19,6.223953359041889e-06,2.694999582478489e-06,1.4713464387381032e-05
2028-01-20,6.329159710668215e-06,2.679260304982391e-06,1.4354537007490498e-05
2028-01-21,6.142061234877815e-06,2.6943825645046786e-06,1.4658024897724718e-05
2028-01-22,6.020205659083023e-06,2.653660187451744e-06,1.4513040525328524e-05
2028-01-23,5.874578243769278e-06,2.6650440003178096e-06,1.4319858151354432e-05
2028-01-24,5.853228696632053e-06,2.7501128618972604e-06,1.465101472755638e-05
2028-01-25,5.936134089569328e-06,2.672715814878073e-06,1.44980420318623e-05
2028-01-26,5.988979109069114e-06,2.577212127421413e-06,1.421076202395314e-05
2028-01-27,5.874586945415146e-06,2.607376352214113e-06,1.4291649879228334e-05
2028-01-28,5.9251855770179776e-06,2.636906001233528e-06,1.3808248477918814e-05
2028-01-29,5.852313249690441e-06,2.581350421172917e-06,1.3981909288372757e-05
2028-01-30,5.80112748095207e-06,2.62774292367706e-06,1.41370284174453e-05
2028-01-31,5.9248957349006245e-06,2.655273730658165e-06,1.3995442199301633e-05
2028-02-01,6.011742250953143e-06,2.5903133366885087e-06,1.4181777040520888e-05
2028-02-02,6.03150194934123e-06,2.5715983286712274e-06,1.4424536589626921e-05
2028-02-03,5.95346624991343e-06,2.5114445175495006e-06,1.4135696401939171e-05
2028-02-04,5.952267701166755e-06,2.4781835887465422e-06,1.4186399528823839e-05
2028-02-05,5.906348721697145e-06,2.5278331194324198e-06,1.4006275557137248e-05
2028-02-06,5.918287399994098e-06,2.5001806351498503e-06,1.3781781275142141e-05
2028-02-07,5.985498048285393e-06,2.566973595739155e-06,1.4288453206761513e-05
2028-02-08,5.8522216018775655e-06,2.493606229888194e-06,1.4330512693168815e-05
2028-02-09,5.773780618215776e-06,2.489882225192769e-06,1.412659738148848e-05
2028-02-10,5.740820781514993e-06,2.50738590216012e-06,1.4205598319071127e-05
2028-02-11,5.749490583087784e-06,2.4615751455837677e-06,1.4295934310662779e-05
2028-02-12,5.770149465870172e-06,2.449974903988972e-06,1.3959718254336832e-05
2028-02-13,5.761092730837816e-06,2.324198430846357e-06,1.3677252353454012e-05
2028-02-14,5.623930558055107e-06,2.37552091616786e-06,1.3702853666068629e-05
2028-02-15,5.484665992470934e-06,2.426298569324249e-06,1.3819486601655189e-05
2028-02-16,5.541644868536318e-06,2.461336850233303e-06,1.3503059552933725e-05
2028-02-17,5.425300726733905e-06,2.4155318421342273e-06,1.305812025405208e-05
2028-02-18,5.4109887661197405e-06,2.4362394198055254e-06,1.3325522965255985e-05
2028-02-19,5.471739794497005e-06,2.394333264160997e-06,1.3069986111896742e-05
2028-02-20,5.528129185629198e-06,2.406308337746893e-06,1.3148957722421771e-05
2028-02-21,5.428890842549589e-06,2.4089775775898217e-06,1.330050787315388e-05
2028-02-22,5.436312192285614e-06,2.4358085613418185e-06,1.316170900242568e-05
2028-02-23,5.428774020674521e-06,2.3913151639021743e-06,1.3421364064048169e-05
2028-02-24,5.460204953145407e-06,2.3861666109167056e-06,1.2828593355687766e-05
2028-02-25,5.489935742215382e-06,2.3727281407622765e-06,1.3141280230819711e-05
2028-02-26,5.554658127911312e-06,2.3670885935973227e-06,1.3182210225698952e-05
2028-02-27,5.262315070021274e-06,2.347004742839284e-06,1.2795422313105166e-05
2028-02-28,5.501662619843794e-06,2.3452419030508314e-06,1.272203915367248e-05
2028-02-29,5.528933566064801e-06,2.3655247452236683e-06,1.2763098760937114e-05
2028-03-01,5.385194824368039e-06,2.3669172878690396e-06,1.2774155850637083e-05
2028-03-02,5.600450282229529e-06,2.3630063455792906e-06,1.279318490520356e-05
2028-03-03,5.481364620006733e-06,2.377101677714168e-06,1.2711876716327736e-05
2028-03-04,5.515360153709899e-06,2.3439288136248976e-06,1.265263323388493e-05
2028-03-05,5.432485581659439e-06,2.3244757257597406e-06,1.2629624727075261e-05
2028-03-06,5.327263698033166e-06,2.3009200490754e-06,1.287620012303979e-05
2028-03-07,5.310709588887497e-06,2.2725212801954926e-06,1.2278985006213569e-05
2028-03-08,5.338435185262652e-06,2.2729217703803863e-06,1.2441953629340659e-05
2028-03-09,5.277802712741637e-06,2.3011807085237806e-06,1.2265736280398435e-05
2028-03-10,5.401872938956742e-06,2.330357854003509e-06,1.1853096672966715e-05
2028-03-11,5.321844449490272e-06,2.3238991991073827e-06,1.2238620099653797e-05
2028-03-12,5.35163576430533e-06,2.33972294433917e-06,1.22662382558239e-05
2028-03-13,5.265949941431019e-06,2.328176550965072e-06,1.2722429169938246e-05
2028-03-14,5.408109669048194e-06,2.298122052540634e-06,1.229614132288564e-05
2028-03-15,5.514026605848463e-06,2.280835503340399e-06,1.2824098228835169e-05
2028-03-16,5.338502133956746e-06,2.2794175029886534e-06,1.2684784463249214e-05
2028-03-17,5.331621390722309e-06,2.244015680400707e-06,1.2490832727917413e-05
2028-03-18,5.336428405385577e-06,2.2579218596326385e-06,1.2437212678807562e-05
2028-03-19,5.3947119635593895e-06,2.2481237125113523e-06,1.2471140724406506e-05
2028-03-20,5.423997878172148e-06,2.202926362122098e-06,1.268590338667005e-05
2028-03-21,5.412682058613346e-06,2.2501144230079153e-06,1.2583707094813158e-05
2028-03-22,5.519694895546888e-06,2.213456243162561e-06,1.2289603861752201e-05
2028-03-23,5.5643883448031775e-06,2.1614352129706405e-06,1.2131315270087448e-05
2028-03-24,5.50029936505709e-06,2.2061522462369045e-06,1.2077175073699688e-05
2028-03-25,5.4804618574918275e-06,2.211934446152689e-06,1.2067883906946092e-05
2028-03-26,5.504680960367575e-06,2.231271156427789e-06,1.224122921982799e-05
2028-03-27,5.465980107751273e-06,2.18755480964995e-06,1.2230934918224279e-05
2028-03-28,5.440489237910525e-06,2.121832980816847e-06,1.2250504650384455e-05
2028-03-29,5.398262022369272e-06,2.122489132945777e-06,1.1996201103750807e-05
2028-03-30,5.443542527570943e-06,2.1627866165783833e-06,1.1962758927879256e-05
2028-03-31,5.397637653624644e-06,2.0843928785473837e-06,1.2120922285782223e-05
2028-04-01,5.426044343894271e-06,2.0552143748822302e-06,1.2244816404804261e-05
2028-04-02,5.483301900039754e-06,2.037603352755656e-06,1.2422590182914791e-05
2028-04-03,5.437446970864066e-06,2.035689726079729e-06,1.2267913588154858e-05
2028-04-04,5.406417214549186e-06,1.976900182363512e-06,1.2203707054494758e-05
2028-04-05,5.4976767078562845e-06,1.9581465106349603e-06,1.2358639099418297e-05
2028-04-06,5.525703102846209e-06,1.9635040952027408e-06,1.2460266531214585e-05
2028-04-07,5.472537875911941e-06,1.979028945120156e-06,1.204887728789577e-05
2028-04-08,5.519554916398376e-06,1.9630722995370327e-06,1.1958047250442853e-05
2028-04-09,5.4182111442252725e-06,1.950879365255947e-06,1.1799496230252336e-05
2028-04-10,5.433146193192544e-06,1.8704949148704658e-06,1.1903431809489559e-05
2028-04-11,5.448545439768637e-06,1.890188286419688e-06,1.2012492376604437e-05
2028-04-12,5.357668950658362e-06,1.8769027958138852e-06,1.214561703266895e-05
2028-04-13,5.261597194240206e-06,1.8878968775710768e-06,1.2180818333200752e-05
2028-04-14,5.310084854732856e-06,1.8858496460050656e-06,1.2272743972465794e-05
2028-04-15,5.300960411045922e-06,1.8355122196053867e-06,1.1949347374599199e-05
2028-04-16,5.401764011262348e-06,1.842341326128256e-06,1.1967776890975482e-05
2028-04-17,5.319508934459635e-06,1.8676906351404526e-06,1.1724033974906005e-05
2028-04-18,5.233077301166787e-06,1.8695747714932389e-06,1.192955723918691e-05
2028-04-19,5.171774193574104e-06,1.8293916252866527e-06,1.1737684037358679e-05
2028-04-20,5.245558815054361e-06,1.868539411168446e-06,1.1724881560809857e-05
2028-04-21,5.369681016015982e-06,1.861807207989836e-06,1.1919662834071568e-05
2028-04-22,5.2489315025337485e-06,1.869250335953222e-06,1.1962186392615064e-05
2028-04-23,5.198661789515615e-06,1.790455098133226e-06,1.1745003668030057e-05
2028-04-24,5.0918864121687965e-06,1.8262873222974845e-06,1.1738708797842575e-05
2028-04-25,5.1073597459870335e-06,1.8469536493032526e-06,1.1855987948896214e-05
2028-04-26,4.927664126047346e-06,1.8765027766861505e-06,1.1467683817229872e-05
2028-04-27,4.985457902545725e-06,1.8632393175261023e-06,1.157550576297001e-05
2028-04-28,5.02554269560534e-06,1.923579775977545e-06,1.142914537582678e-05
2028-04-29,5.089855232098534e-06,1.922258529512783e-06,1.1316119602893532e-05
2028-04-30,5.005421354165929e-06,1.8784605896707232e-06,1.1187287935969272e-05
2028-05-01,4.936350178745936e-06,1.8356223601532461e-06,1.1174103487677683e-05
2028-05-02,4.904336447477001e-06,1.8398579111791384e-06,1.090112872202594e-05
2028-05-03,4.852270811769308e-06,1.8471094558980683e-06,1.0875440784404719e-05
2028-05-04,4.9039944678495625e-06,1.8257489910329696e-06,1.0976106775536275e-05
2028-05-05,4.912147623117999e-06,1.8405022780458037e-06,1.1030212424781261e-05
2028-05-06,4.910021345138693e-06,1.8493171947910247e-06,1.0757328124850579e-05
2028-05-07,4.853376419229779e-06,1.8282117645971561e-06,1.0842928584524553e-05
2028-05-08,4.9049351711619875e-06,1.7609133948365836e-06,1.0896623859274342e-05
2028-05-09,4.8195765082898525e-06,1.8041911062503422e-06,1.0810440937931378e-05
2028-05-10,4.889449172909681e-06,1.7586501409465063e-06,1.0917639861035785e-05
2028-05-11,4.753711778872931e-06,1.7689655331829243e-06,1.1015133992074828e-05
2028-05-12,4.797589827721079e-06,1.7613946180243354e-06,1.1217462908832823e-05
2028-05-13,4.80039902831941e-06,1.7539658413793354e-06,1.1072018646111285e-05
2028-05-14,4.780308166723799e-06,1.7525567687702857e-06,1.0992226036849317e-05
2028-05-15,4.765353529073304e-06,1.761590419975659e-06,1.1037955509693536e-05
2028-05-16,4.794258612548485e-06,1.7132657747945848e-06,1.0845618683210916e-05
2028-05-17,4.753259497772846e-06,1.6465659291805644e-06,1.0799706762669036e-05
2028-05-18,4.766886787079372e-06,1.6362406399415625e-06,1.0876466531611303e-05
2028-05-19,4.68452256250192e-06,1.614565382695154e-06,1.0918578362316768e-05
2028-05-20,4.625897035483531e-06,1.5613772833020046e-06,1.0785400162077042e-05
2028-05-21,4.715406339491283e-06,1.5930425073407454e-06,1.0710144571325256e-05
2028-05-22,4.755372573980335e-06,1.6642611148590956e-06,1.0575816766969125e-05
2028-05-23,4.662253674136802e-06,1.6318609982565711e-06,1.0436853505244582e-05
2028-05-24,4.5835818435087525e-06,1.5917900048358656e-06,1.0578738022291622e-05
2028-05-25,4.599322365355378e-06,1.6075126261251192e-06,1.0400456089821824e-05
2028-05-26,4.64628320314417e-06,1.5738587321817374e-06,1.040868551508654e-05
2028-05-27,4.58409576500283e-06,1.5742972649023867e-06,1.042461991422083e-05
2028-05-28,4.654937871635517e-06,1.5975230450042002e-06,1.0387105491535436e-05
2028-05-29,4.61939880306798e-06,1.5831885925466156e-06,1.0712991733197214e-05
2028-05-30,4.613857481127394e-06,1.613730237964427e-06,1.0801937833079869e-05
2028-05-31,4.575509787338062e-06,1.5932351105285735e-06,1.0795294471279777e-05
2028-06-01,4.536748889900091e-06,1.5498593117274044e-06,1.0734327556172782e-05
2028-06-02,4.5184370993824996e-06,1.5381937686508078e-06,1.0583393588923428e-05
2028-06-03,4.507893045294614e-06,1.5610781324582038e-06,1.0665070161928503e-05
2028-06-04,4.489642726566019e-06,1.543332124845509e-06,1.0672547859837783e-05
2028-06-05,4.635017940739027e-06,1.4777648492627877e-06,1.0559053336640509e-05
2028-06-06,4.599604903199631e-06,1.494222741253378e-06,1.075257227340202e-05
2028-06-07,4.4512004655085765e-06,1.4889075626129155e-06,1.0687066714050826e-05
2028-06-08,4.479714137599876e-06,1.489302939855108e-06,1.0967251355600993e-05
2028-06-09,4.438281871063649e-06,1.4942526718896959e-06,1.067354074222353e-05
2028-06-10,4.3583568245336965e-06,1.500459547697632e-06,1.079134691778572e-05
2028-06-11,4.430149521263216e-06,1.4618606586203457e-06,1.0731490624060172e-05
2028-06-12,4.354801449907652e-06,1.4555827615146726e-06,1.0592561144088294e-05
2028-06-13,4.383884057356565e-06,1.4388023948988441e-06,1.0446084931589103e-05
2028-06-14,4.397926233274288e-06,1.4460843369811614e-06,1.0140617327044085e-05
2028-06-15,4.343923173618861e-06,1.4808173026887798e-06,1.0236553774568087e-05
2028-06-16,4.324388516849595e-06,1.4863485076521529e-06,1.0060382207588616e-05
2028-06-17,4.26692360443534e-06,1.467420725562965e-06,1.0011579193337344e-05
2028-06-18,4.262260013162806e-06,1.4537575218330109e-06,1.0282269103550628e-05
2028-06-19,4.289949117735242e-06,1.4506077112716683e-06,1.0220003132351116e-05
2028-06-20,4.236659965866829e-06,1.4617203453343139e-06,1.0384445429113411e-05
2028-06-21,4.2451033035967856e-06,1.4638609853316184e-06,1.0122360475201166e-05
2028-06-22,4.209550543005672e-06,1.4593051354149731e-06,1.0335492300031116e-05
2028-06-23,4.110871610424811e-06,1.448934036602365e-06,1.0215717245803534e-05
2028-06-24,4.239847022415297e-06,1.4235302335420984e-06,1.0342720752180038e-05
2028-06-25,4.2077251491135e-06,1.4130778513879507e-06,1.0222257179457956e-05
2028-06-26,4.1973135721621316e-06,1.4223093121888996e-06,1.017623990169323e-05
2028-06-27,4.110559810618205e-06,1.415354935657783e-06,1.0029586767870049e-05
2028-06-28,4.1404510503389865e-06,1.3600358314917206e-06,1.021217802948362e-05
2028-06-29,4.084558076532105e-06,1.3642949190635028e-06,1.0031483329997937e-05
2028-06-30,4.017728059257299e-06,1.3596097724417477e-06,1.0252425068756963e-05
2028-07-01,4.0836598882791276e-06,1.3634440932347172e-06,1.0098554720877445e-05
2028-07-02,4.11839226164176e-06,1.369971745531785e-06,1.0064236783653373e-05
2028-07-03,4.101154143244143e-06,1.4221229886057163e-06,1.0093512613558965e-05
2028-07-04,4.074249184679179e-06,1.411008275858309e-06,1.0403267155798401e-05
2028-07-05,4.024976502649364e-06,1.4392562440590202e-06,1.0197167443395679e-05
2028-07-06,4.085902628690849e-06,1.4259825238389186e-06,1.0172240881418673e-05
2028-07-07,4.12202820761879e-06,1.4125333123669001e-06,1.0506353020279046e-05
2028-07-08,4.0975342497221746e-06,1.386777001430388e-06,1.0112325512067934e-05
2028-07-09,4.138015063421527e-06,1.377817151800345e-06,1.0095123972769927e-05
2028-07-10,4.160861977009165e-06,1.3351969919383034e-06,9.963900409053264e-06
2028-07-11,4.119713056615033e-06,1.3530524088946065e-06,9.780237880777245e-06
2028-07-12,4.1705259856297265e-06,1.3486185228434087e-06,9.770521775253784e-06
2028-07-13,4.095290922802337e-06,1.3060757791170773e-06,9.928651098179929e-06
2028-07-14,3.980785241926848e-06,1.346725514666611e-06,9.812392918775377e-06
2028-07-15,3.9704232765090756e-06,1.3648647247087415e-06,9.655211888859867e-06
2028-07-16,4.006506466670669e-06,1.3625228257987817e-06,9.572630115175113e-06
2028-07-17,3.982842960257391e-06,1.3913636153096009e-06,9.61437732268378e-06
2028-07-18,4.066426298965524e-06,1.3444538108417953e-06,9.327292668974692e-06
2028-07-19,4.062747155323724e-06,1.3168054812856154e-06,9.240227004553052e-06
2028-07-20,4.05115126120357e-06,1.3520371755928741e-06,9.215662542613399e-06
2028-07-21,4.081092541960003e-06,1.3132416404767168e-06,9.325583417590985e-06
2028-07-22,4.057399357645317e-06,1.3266562113907342e-06,9.141621285230804e-06
2028-07-23,4.052367505522485e-06,1.3297101283732589e-06,9.138905267886138e-06
2028-07-24,4.067063879240004e-06,1.352384248545415e-06,9.446586624984856e-06
2028-07-25,4.063159810056895e-06,1.3737607840029245e-06,9.703370896954703e-06
2028-07-26,3.87994857363166e-06,1.3740929040404206e-06,9.328255853094527e-06
2028-07-27,3.9008886554590625e-06,1.3182758650065714e-06,9.529046099545696e-06
2028-07-28,3.88040624805333e-06,1.3345289889172365e-06,9.294075708408463e-06
2028-07-29,3.869572475506996e-06,1.3599282918928953e-06,9.06098130687353e-06
2028-07-30,3.7667138863935667e-06,1.3161176902422876e-06,8.75859167185579e-06
2028-07-31,3.7641056596894094e-06,1.3455259820103496e-06,8.748500408547808e-06
2028-08-01,3.783407686492543e-06,1.3473154437721807e-06,8.842062556487631e-06
2028-08-02,3.781700938189929e-06,1.3416144628728845e-06,8.927112404280017e-06
2028-08-03,3.7783502732451487e-06,1.346810307345278e-06,8.822092235039415e-06
2028-08-04,3.763642374530814e-06,1.3345324760091689e-06,8.871066618134461e-06
2028-08-05,3.6833372782339834e-06,1.366208432898782e-06,8.659819336012824e-06
2028-08-06,3.6483609334591716e-06,1.3545831550550856e-06,8.897940479801656e-06
2028-08-07,3.6543149790316372e-06,1.330282723583827e-06,9.031646663088483e-06
2028-08-08,3.6992756837444626e-06,1.3413678061613603e-06,9.095496458459519e-06
2028-08-09,3.625645647026581e-06,1.3094138715880545e-06,9.063730844152886e-06
2028-08-10,3.618903016520219e-06,1.2857141600225878e-06,8.89855923235855e-06
2028-08-11,3.5601270194302875e-06,1.300143639897042e-06,8.872131110573113e-06
2028-08-12,3.5581124295983152e-06,1.2967096617048576e-06,8.700146946046268e-06
2028-08-13,3.5500701588941945e-06,1.2994199267961124e-06,8.721103388797413e-06
2028-08-14,3.5681924843448612e-06,1.2978147889259215e-06,8.542577909501867e-06
2028-08-15,3.5129099039368514e-06,1.2919067383502667e-06,8.833484356565764e-06
2028-08-16,3.5044601500711556e-06,1.2513377204712339e-06,8.811246269141043e-06
2028-08-17,3.5471981607557886e-06,1.2790712147143255e-06,8.652805770133718e-06
2028-08-18,3.6163054745468823e-06,1.2879768596067528e-06,8.64434746699018e-06
2028-08-19,3.648489838316913e-06,1.2525324541909897e-06,8.613274662451375e-06
2028-08-20,3.6367235857248783e-06,1.1992012134380278e-06,8.41261262563948e-06
2028-08-21,3.6258901783403103e-06,1.198466846850864e-06,8.45212871815368e-06
2028-08-22,3.6031663763844624e-06,1.1986061959204584e-06,8.352174634960966e-06
2028-08-23,3.5849023711881917e-06,1.181232413073677e-06,8.372724476856824e-06
2028-08-24,3.555899050117532e-06,1.2045423544397253e-06,8.58627215365018e-06
2028-08-25,3.5569518094211304e-06,1.2291703440962615e-06,8.511105458134479e-06
2028-08-26,3.495110372018847e-06,1.2089558052755388e-06,8.4970190018542e-06
2028-08-27,3.532501425892135e-06,1.2425877147784638e-06,8.380436806626576e-06
2028-08-28,3.4689226715221853e-06,1.1852762720132199e-06,8.211997299582528e-06
2028-08-29,3.4623642234576913e-06,1.1822151965147717e-06,8.207317704117967e-06
2028-08-30,3.4349400564149525e-06,1.1722124368834515e-06,8.219650109599028e-06
2028-08-31,3.4053698807235644e-06,1.1604428188812379e-06,8.342281152347076e-06
2028-09-01,3.3739361485669796e-06,1.1352443865726445e-06,8.059277400421463e-06
2028-09-02,3.3779598968958016e-06,1.1457386171973567e-06,7.849447923879425e-06
2028-09-03,3.357415728174959e-06,1.1562353659519167e-06,7.71488764758446e-06
2028-09-04,3.352681909351873e-06,1.1886399678050792e-06,7.8719589346475e-06
2028-09-05,3.396391454380394e-06,1.1477375709516936e-06,7.900343813075058e-06
2028-09-06,3.334447442817301e-06,1.130575949598224e-06,7.770180333358291e-06
2028-09-07,3.296914796046991e-06,1.118759882299284e-06,8.087817859740827e-06
2028-09-08,3.3323606983427316e-06,1.0986022396597897e-06,7.80562767314506e-06
2028-09-09,3.3064617236512216e-06,1.1126036225374741e-06,7.910007850919573e-06
2028-09-10,3.2596211728099827e-06,1.091344063592733e-06,8.02180755673901e-06
2028-09-11,3.1982885814515362e-06,1.0936283052389186e-06,8.000202599945699e-06
2028-09-12,3.1270590641220865e-06,1.1044489342948543e-06,7.904584053777929e-06
2028-09-13,3.206400566908686e-06,1.0922029679076809e-06,7.85417910348752e-06
2028-09-14,3.214907090449005e-06,1.0743319420225187e-06,8.007168764420605e-06
2028-09-15,3.197932826799504e-06,1.1049446516629692e-06,7.928984639167714e-06
2028-09-16,3.2689335797829804e-06,1.1344224036517982e-06,7.904794862463878e-06
2028-09-17,3.233449677141363e-06,1.1332177543043887e-06,8.011628671080902e-06
2028-09-18,3.2204455985157064e-06,1.094054672654949e-06,7.852622052373106e-06
2028-09-19,3.152559086188169e-06,1.096248708491649e-06,7.72432061280355e-06
2028-09-20,3.1628356163951206e-06,1.1058509171789823e-06,7.79748936483759e-06
2028-09-21,3.1095533619486976e-06,1.1043291659637956e-06,7.833122310651612e-06
2028-09-22,3.028801465260409e-06,1.068661589724337e-06,7.576703866011105e-06
2028-09-23,3.0604878415905277e-06,1.0948587023624784e-06,7.748184855033884e-06
2028-09-24,3.0129877994080565e-06,1.0437885989016602e-06,7.693957887514734e-06
2028-09-25,2.9768302752003773e-06,1.0552250722331464e-06,7.606493529556188e-06
2028-09-26,3.011013846536316e-06,1.0531705274745975e-06,7.706575173390024e-06
2028-09-27,3.0185476157343085e-06,1.0485408364212931e-06,7.749707361775374e-06
2028-09-28,3.050976866399885e-06,1.0475600724528187e-06,7.80449910315497e-06
2028-09-29,2.9592721426512707e-06,1.0584778934453924e-06,7.826057111808026e-06
2028-09-30,2.9344663476844683e-06,1.140552768446651e-06,7.904524053041448e-06
2028-10-01,2.8933605042492056e-06,1.1076347661644e-06,7.849715073897561e-06
2028-10-02,2.8847910773678914e-06,1.1026461312263202e-06,7.804140640544782e-06
2028-10-03,2.898100600544611e-06,1.0935983692140587e-06,7.675171430411692e-06
2028-10-04,2.8903511636694104e-06,1.100185415639516e-06,7.668591443249238e-06
2028-10-05,2.8968262108517534e-06,1.0727823394223553e-06,7.791753895999118e-06
2028-10-06,2.9073374927408745e-06,1.0723935165364942e-06,7.727786307200651e-06
2028-10-07,2.9134884145859654e-06,1.0968958882553554e-06,7.744558589407386e-06
2028-10-08,2.9193890260200876e-06,1.074678323993821e-06,7.955394083960095e-06
2028-10-09,2.877108855788351e-06,1.0356749918966105e-06,7.894619428835296e-06
2028-10-10,2.8557207849946814e-06,1.059447107688568e-06,7.964822191435664e-06
2028-10-11,2.857248392906247e-06,1.0726962707647637e-06,7.873771061082859e-06
2028-10-12,2.8699984322866117e-06,1.078481171931875e-06,7.790285815155296e-06
2028-10-13,2.8555733057014545e-06,1.036163202680513e-06,7.915593068670133e-06
2028-10-14,2.815178386163865e-06,1.0125843359700171e-06,7.936264014718157e-06
2028-10-15,2.748563173114889e-06,1.0054615923804196e-06,7.952315549051913e-06
2028-10-16,2.715879025975561e-06,1.0303520052770147e-06,7.928752436371965e-06
2028-10-17,2.7159253176306863e-06,1.0549056666911802e-06,7.930358218406468e-06
2028-10-18,2.695464721305098e-06,1.0592326082848882e-06,7.914915160364183e-06
2028-10-19,2.750906355811518e-06,1.0094247015057472e-06,8.015203173483693e-06
2028-10-20,2.6688279650310373e-06,9.839917251422945e-07,8.010319816555105e-06
2028-10-21,2.6773268615168414e-06,9.61110385738818e-07,7.695824208810975e-06
2028-10-22,2.722010567905725e-06,9.57771085925923e-07,7.6150726223310604e-06
2028-10-23,2.694417531338921e-06,9.60381611603345e-07,7.377788628443662e-06
2028-10-24,2.6946545538067015e-06,9.61558474884655e-07,7.481583270492008e-06
2028-10-25,2.6536988565221486e-06,9.676489350424927e-07,7.547410674518419e-06
2028-10-26,2.6689676271766027e-06,9.684329085903115e-07,7.525155706883188e-06
2028-10-27,2.7000543310816788e-06,9.631188684592991e-07,7.5184779240115434e-06
2028-10-28,2.665751127136389e-06,9.493627553724333e-07,7.64570563540185e-06
2028-10-29,2.699027468654539e-06,9.472820743007122e-07,7.6034981285997714e-06
2028-10-30,2.721800625068914e-06,9.432830996534034e-07,7.5832130212702766e-06
2028-10-31,2.703598265311105e-06,9.312499699933388e-07,7.553605017518945e-06
2028-11-01,2.7052021081070315e-06,9.741731881404426e-07,7.4617754920238185e-06
2028-11-02,2.635802956194972e-06,9.752962594980559e-07,7.510504002318893e-06
2028-11-03,2.6793725743718423e-06,9.92372093347557e-07,7.4573583804054655e-06
2028-11-04,2.6146724031807014e-06,9.66119823443823e-07,7.633126222238271e-06
2028-11-05,2.6229049038274678e-06,9.786562666324537e-07,7.553700933527756e-06
2028-11-06,2.5961499525412925e-06,9.31162172928653e-07,7.2463337558193554e-06
2028-11-07,2.5745058192437817e-06,9.589915606587417e-07,7.269852928842042e-06
2028-11-08,2.578464829792039e-06,9.623685499823056e-07,7.295210681848739e-06
2028-11-09,2.6218393514090794e-06,9.575292592383223e-07,7.196610680349053e-06
2028-11-10,2.5274367192277448e-06,9.750544066318101e-07,7.241881458648356e-06
2028-11-11,2.4760496463274168e-06,9.905668931475177e-07,7.401233899924199e-06
2028-11-12,2.4462831196796017e-06,9.794782622227788e-07,7.160726888983414e-06
