Date,Price_in_BTC
2014-09-17,4.37660414731934
2014-09-18,4.7388558424797145
2014-09-19,5.092250365723805
2014-09-22,4.959045333876877
2014-09-23,4.54981880600972
2014-09-24,4.721825385407881
2014-09-25,4.776759381652275
2014-09-26,4.9028869022331225
2014-09-29,5.26757343129727
2014-09-30,5.097094250894425
2014-10-01,5.073211641157854
2014-10-02,5.188790661037648
2014-10-03,5.473809109282306
2014-10-06,5.9525746463882445
2014-10-07,5.756022416490077
2014-10-08,5.578540264716253
2014-10-09,5.282390722246951
2014-10-10,5.27193107434512
2014-10-13,4.801928166511192
2014-10-14,4.684062100040592
2014-10-15,4.717875695292534
2014-10-16,4.869247929595684
2014-10-17,4.916536023669854
2014-10-20,4.973318193249696
2014-10-21,5.023041590371077
2014-10-22,5.0295440474998605
2014-10-23,5.442877957271967
2014-10-24,5.482370200120948
2014-10-27,5.557198464840235
2014-10-28,5.550755233616252
2014-10-29,5.9068927016473936
2014-10-30,5.776487646348364
2014-10-31,5.964897132923986
2014-11-03,6.160236624579847
2014-11-04,6.08819562600962
2014-11-05,5.960687602439242
2014-11-06,5.815253546470305
2014-11-07,5.934085811775223
2014-11-10,5.554992171077549
2014-11-11,5.547206279884102
2014-11-12,4.8121757614083815
2014-11-13,4.847065319159616
2014-11-14,5.127520578104743
2014-11-17,5.269173588581273
2014-11-18,5.46857941542584
2014-11-19,5.3835056959785
2014-11-20,5.736502406124802
2014-11-21,5.881464472890954
2014-11-24,5.490592773029172
2014-11-25,5.506969728530726
2014-11-26,5.627032889759607
2014-11-28,5.492300664387862
2014-12-01,5.414547239500768
2014-12-02,5.419535123446069
2014-12-03,5.531399226973759
2014-12-04,5.6057832165707335
2014-12-05,5.507093186420781
2014-12-08,5.692895390973665
2014-12-09,5.84812319217794
2014-12-10,5.849725208305285
2014-12-11,5.806833225645715
2014-12-12,5.679692066270918
2014-12-15,5.761282189839139
2014-12-16,6.031700165566127
2014-12-17,6.294687557857005
2014-12-18,6.619320756610463
2014-12-19,6.514694319649424
2014-12-22,6.26281351032253
2014-12-23,6.223383839927102
2014-12-24,6.454761063561273
2014-12-26,6.369676961725253
2014-12-29,6.686186645917538
2014-12-30,6.694890215601101
2014-12-31,6.4301841273859415
2015-01-02,6.53330412984869
2015-01-05,7.361644320568772
2015-01-06,6.997508701629725
2015-01-07,6.882926664893697
2015-01-08,7.277738406295033
2015-01-09,7.041163234181606
2015-01-12,7.573899855033635
2015-01-13,8.95696953916984
2015-01-14,11.292735413622742
2015-01-15,9.495959377374142
2015-01-16,9.704224677725843
2015-01-20,9.571256302017368
2015-01-21,8.956134134395596
2015-01-22,8.83931797190677
2015-01-23,8.810670295384117
2015-01-26,7.522095960089109
2015-01-27,7.703007882389965
2015-01-28,8.559348873077909
2015-01-29,8.655834988945019
2015-01-30,8.810820198060663
2015-02-02,8.482804118935913
2015-02-03,9.020319538377128
2015-02-04,8.999264009414652
2015-02-05,9.499841516226558
2015-02-06,9.247792783747556
2015-02-09,9.298714209072235
2015-02-10,9.409568117537628
2015-02-11,9.437370496782766
2015-02-12,9.41757863852172
2015-02-13,8.90717705631701
2015-02-17,8.621731795198626
2015-02-18,8.884675811592059
2015-02-19,8.729081581364342
2015-02-20,8.656611064100508
2015-02-23,8.83101957035585
2015-02-24,8.861205835174143
2015-02-25,8.901587975557666
2015-02-26,8.927698459586791
2015-02-27,8.291047385275943
2015-03-02,7.680885803465124
2015-03-03,7.482304209240119
2015-03-04,7.684333296568131
2015-03-05,7.607557337448636
2015-03-06,7.594739244411765
2015-03-09,7.180178553025435
2015-03-10,7.006306435970408
2015-03-11,6.883888552698088
2015-03-12,7.0185896021644325
2015-03-13,7.196402366094352
2015-03-16,7.16187256429771
2015-03-17,7.265301811953446
2015-03-18,8.19160397818348
2015-03-19,8.007074546241565
2015-03-20,8.053899555216976
2015-03-23,7.889405409462303
2015-03-24,8.516052808910718
2015-03-25,8.371547974631428
2015-03-26,8.27317979790141
2015-03-27,8.343230800752078
2015-03-30,8.428367048324409
2015-03-31,8.46718545616672
2015-04-01,8.32965283157561
2015-04-02,8.169640604125123
2015-04-06,8.143582113726746
2015-04-07,8.201003784623374
2015-04-08,8.49678753490057
2015-04-09,8.581805248112815
2015-04-10,8.904317340299388
2015-04-13,9.316789837900975
2015-04-14,9.563103137799557
2015-04-15,9.411614698878646
2015-04-16,9.209267972250556
2015-04-17,9.337586239828791
2015-04-20,9.350653246464768
2015-04-21,8.914434388256929
2015-04-22,9.001605660222697
2015-04-23,8.935600144907578
2015-04-24,9.156865161733872
2015-04-27,9.19777031051902
2015-04-28,9.363352813841557
2015-04-29,9.33027222323696
2015-04-30,8.83148053964077
2015-05-01,9.084363887928417
2015-05-04,8.84657198503296
2015-05-05,8.84910677785399
2015-05-06,9.052710496644762
2015-05-07,8.797728109844458
2015-05-08,8.67741330360286
2015-05-11,8.69403462505861
2015-05-12,8.705996057593461
2015-05-13,8.877682643497732
2015-05-14,8.952471373307755
2015-05-15,8.933860897869666
2015-05-18,9.13317961181094
2015-05-19,9.173776858561927
2015-05-20,9.08413048938344
2015-05-21,9.054066053991365
2015-05-22,8.84575696442365
2015-05-26,8.874137447510025
2015-05-27,8.949144851776902
2015-05-28,8.933102492478358
2015-05-29,8.888340395549765
2015-06-01,9.472784821130212
2015-06-02,9.342657784970832
2015-06-03,9.359510765406563
2015-06-04,9.342914890916434
2015-06-05,9.303451921912052
2015-06-08,9.100131926429729
2015-06-09,9.081720271083192
2015-06-10,9.200928346451072
2015-06-11,9.180732202657548
2015-06-12,9.105539374075278
2015-06-15,8.80163644929471
2015-06-16,8.355248224815275
2015-06-17,8.425891634463841
2015-06-18,8.51879649165573
2015-06-19,8.626076081599207
2015-06-22,8.594882588133729
2015-06-23,8.695189055615417
2015-06-24,8.766937960110239
2015-06-25,8.65864395435542
2015-06-26,8.627018895306591
2015-06-29,8.004387738881576
2015-06-30,7.842378429721416
2015-07-01,8.032680657120137
2015-07-02,8.131098023792914
2015-07-06,7.689700104644337
2015-07-07,7.818502451716832
2015-07-08,7.558321273451402
2015-07-09,7.619230105248625
2015-07-10,7.289097090250055
2015-07-13,7.189082160182445
2015-07-14,7.336397009645824
2015-07-15,7.372939164823573
2015-07-16,7.638885828352951
2015-07-17,7.609492213033393
2015-07-20,7.628763694602582
2015-07-21,7.682945481195102
2015-07-22,7.626198562088769
2015-07-23,7.615132881561745
2015-07-24,7.21404267112584
2015-07-27,7.041794752590326
2015-07-28,7.109572104848119
2015-07-29,7.2812255085604445
2015-07-30,7.328706159921952
2015-07-31,7.390971835592963
2015-08-03,7.46030827608943
2015-08-04,7.339369055693528
2015-08-05,7.449358857142734
2015-08-06,7.479296889677732
2015-08-07,7.430906993779691
2015-08-10,7.956214020223276
2015-08-11,7.707759180352885
2015-08-12,7.831223508808792
2015-08-13,7.889238104031803
2015-08-14,7.872403254748959
2015-08-17,8.149749720761857
2015-08-18,9.934289882083585
2015-08-19,9.17404869680949
2015-08-20,8.649797865623853
2015-08-21,8.474431298150158
2015-08-24,8.994085393258427
2015-08-25,8.427500868083827
2015-08-26,8.592753272621868
2015-08-27,8.843123646978869
2015-08-28,8.595092519714116
2015-08-31,8.57260865095394
2015-09-01,8.389626370004077
2015-09-02,8.49976454703988
2015-09-03,8.588362757842964
2015-09-04,8.342321409995884
2015-09-08,8.084373920296288
2015-09-09,8.154076303427514
2015-09-10,8.186491771072548
2015-09-11,8.167400753397445
2015-09-14,8.467725382281813
2015-09-15,8.589038655347046
2015-09-16,8.709683177533492
2015-09-17,8.660197434032181
2015-09-18,8.404463903852767
2015-09-21,8.661822280418349
2015-09-22,8.424060663575846
2015-09-23,8.41903210260759
2015-09-24,8.238810266144778
2015-09-25,8.213435124351436
2015-09-28,7.868839572216399
2015-09-29,7.960259726980962
2015-09-30,8.133652669467194
2015-10-01,8.098623774096769
2015-10-02,8.223419954969492
2015-10-05,8.266183902997003
2015-10-06,8.046394685347904
2015-10-07,8.214340118227373
2015-10-08,8.309520464418734
2015-10-09,8.260081812746469
2015-10-12,8.224191514262584
2015-10-13,8.030564056851142
2015-10-14,7.913996256952513
2015-10-15,7.957926734295244
2015-10-16,7.734309020372335
2015-10-19,7.719720250816005
2015-10-20,7.536359069166514
2015-10-21,7.582246414724429
2015-10-22,7.490283417672827
2015-10-23,7.505171452219543
2015-10-26,7.25965657293894
2015-10-27,7.031907130529265
2015-10-28,6.862201245215881
2015-10-29,6.657245667491962
2015-10-30,6.339222336058329
2015-11-02,5.825343728214268
2015-11-03,5.229799636406769
2015-11-04,5.108112533085928
2015-11-05,5.435248270780648
2015-11-06,5.605789367182606
2015-11-09,5.466250827330182
2015-11-10,6.180530104282141
2015-11-11,6.670223800205639
2015-11-12,6.050444539606058
2015-11-13,6.007489450119359
2015-11-16,6.2076604377780535
2015-11-17,6.1189993770696045
2015-11-18,6.227263519321917
2015-11-19,6.381255421179443
2015-11-20,6.487662027079752
2015-11-23,6.459111558554564
2015-11-24,6.527624022540858
2015-11-25,6.364509355670578
2015-11-27,5.8376116573704095
2015-11-30,5.513633836148416
2015-12-01,5.800550210148892
2015-12-02,5.789491106081306
2015-12-03,5.676894838917719
2015-12-04,5.759327560098787
2015-12-07,5.251279306938302
2015-12-08,4.965769681331683
2015-12-09,4.903739202426655
2015-12-10,4.939431261686142
2015-12-11,4.452756898729322
2015-12-14,4.55205278531931
2015-12-15,4.391398563410375
2015-12-16,4.556859042734632
2015-12-17,4.477063137296781
2015-12-18,4.325886208511991
2015-12-21,4.607775390562085
2015-12-22,4.670409492344636
2015-12-23,4.666106167268509
2015-12-24,4.529797810013155
2015-12-28,4.870003103220454
2015-12-29,4.800096306826331
2015-12-30,4.836529302512167
2015-12-31,4.74708932051648
2016-01-04,4.647198898835826
2016-01-05,4.668742478080239
2016-01-06,4.63816538798014
2016-01-07,4.242109884147293
2016-01-08,4.240738659635789
2016-01-11,4.289807962916245
2016-01-12,4.449677621353408
2016-01-13,4.37189362767314
2016-01-14,4.46621698723861
2016-01-15,5.161048576199252
2016-01-19,4.948927976397
2016-01-20,4.42455300060704
2016-01-21,4.555601104328385
2016-01-22,4.985463754811306
2016-01-25,4.79181849783088
2016-01-26,4.854304139977447
2016-01-27,4.767300019578994
2016-01-28,4.978739795414768
2016-01-29,5.112972154159473
2016-02-01,5.198629712836703
2016-02-02,5.082227810598805
2016-02-03,5.169712589551535
2016-02-04,4.916528437244051
2016-02-05,4.863678328508772
2016-02-08,4.963060317096086
2016-02-09,4.925710521860668
2016-02-10,4.852259666137688
2016-02-11,4.817755103451613
2016-02-12,4.852874273420307
2016-02-16,4.651866865749485
2016-02-17,4.628196415506509
2016-02-18,4.540607520723151
2016-02-19,4.557624469993835
2016-02-22,4.444337981972551
2016-02-23,4.566450349130541
2016-02-24,4.541186972281718
2016-02-25,4.59716760098043
2016-02-26,4.507788955067868
2016-02-29,4.414537957413846
2016-03-01,4.546645523144371
2016-03-02,4.685144867242216
2016-03-03,4.727606527192534
2016-03-04,4.8668780836334
2016-03-07,4.831422834402254
2016-03-08,4.781144816887299
2016-03-09,4.795015378694278
2016-03-10,4.769652433480686
2016-03-11,4.795441982732879
2016-03-14,4.849797740556829
2016-03-15,4.836336440879923
2016-03-16,4.861310702035095
2016-03-17,4.851374408697032
2016-03-18,5.00449289791282
2016-03-21,4.963864787491091
2016-03-22,4.902784099784379
2016-03-23,4.872034162904235
2016-03-24,4.889455372860322
2016-03-28,4.801747417363435
2016-03-29,4.933808192552443
2016-03-30,4.975579302141129
2016-03-31,4.942636511803117
2016-04-01,4.959278571331043
2016-04-04,4.902501593605794
2016-04-05,4.82317300623299
2016-04-06,4.8809553308875335
2016-04-07,4.830122314313047
2016-04-08,4.87119032124011
2016-04-11,4.833306859623533
2016-04-12,4.848938025035625
2016-04-13,4.914450760811229
2016-04-14,4.908951984240956
2016-04-15,4.84213863438222
2016-04-18,4.88657034606065
2016-04-19,4.823780991606683
2016-04-20,4.763145131153146
2016-04-21,4.653679784783589
2016-04-22,4.692408483962998
2016-04-25,4.524647640705457
2016-04-26,4.487769501919884
2016-04-27,4.711515846270913
2016-04-28,4.623071866390379
2016-04-29,4.538153662891385
2016-05-02,4.680852278724588
2016-05-03,4.582171562301156
2016-05-04,4.591491322763626
2016-05-05,4.577543936425212
2016-05-06,4.47590617725272
2016-05-09,4.470718644913844
2016-05-10,4.622783449285401
2016-05-11,4.56004482914752
2016-05-12,4.538840078884578
2016-05-13,4.4914300371800495
2016-05-16,4.550480637263252
2016-05-17,4.511429490083803
2016-05-18,4.50405737279867
2016-05-19,4.6500348884616125
2016-05-20,4.636167517843273
2016-05-23,4.611093074920412
2016-05-24,4.655041619608174
2016-05-25,4.649788019108825
2016-05-26,4.609999658734935
2016-05-27,4.433410156248993
2016-05-31,3.946189785059615
2016-06-01,3.909949610641116
2016-06-02,3.91332647238248
2016-06-03,3.68789901941672
2016-06-06,3.6025220572645598
2016-06-07,3.663095607954512
2016-06-08,3.643322036687097
2016-06-09,3.681464529336876
2016-06-10,3.629747302370042
2016-06-13,2.95163396789878
2016-06-14,3.0271938736128163
2016-06-15,2.9828545514308966
2016-06-16,2.7116903846138527
2016-06-17,2.7656497386945937
2016-06-20,2.8257955670932104
2016-06-21,3.1334188943005885
2016-06-22,3.4983960400398697
2016-06-23,3.3868557704657007
2016-06-24,3.062397508169301
2016-06-27,3.052977703295428
2016-06-28,3.146965830929665
2016-06-29,3.236134292029785
2016-06-30,3.117102112382096
2016-07-01,3.1095110534479065
2016-07-05,3.1143243632135382
2016-07-06,3.100005758110172
2016-07-07,3.2750925967568456
2016-07-08,3.1955384428999425
2016-07-11,3.2998227823408093
2016-07-12,3.238487054192853
2016-07-13,3.288823706933373
2016-07-14,3.2879840845116144
2016-07-15,3.259289374855638
2016-07-18,3.219240111391111
2016-07-19,3.215776123155921
2016-07-20,3.264336777155595
2016-07-21,3.2558357502971167
2016-07-22,3.343016369439336
2016-07-25,3.315226993321187
2016-07-26,3.3280656521421963
2016-07-27,3.311031542772097
2016-07-28,3.312891902818956
2016-07-29,3.3084117966692608
2016-08-01,3.580637380249588
2016-08-02,3.940032556392562
2016-08-03,3.8205544467387136
2016-08-04,3.742505900194909
2016-08-05,3.796011783679996
2016-08-08,3.689831780383565
2016-08-09,3.711698169945336
2016-08-10,3.6741747462327656
2016-08-11,3.710262861860093
2016-08-12,3.717158567535031
2016-08-15,3.861063994163763
2016-08-16,3.772086410384957
2016-08-17,3.806976702832785
2016-08-18,3.808029777166489
2016-08-19,3.793878183316895
2016-08-22,3.7198615551834577
2016-08-23,3.7484466198282167
2016-08-24,3.74958188253745
2016-08-25,3.76015345811066
2016-08-26,3.741975836163876
2016-08-29,3.7978632958859233
2016-08-30,3.768153848804177
2016-08-31,3.7724685271823306
2016-09-01,3.7932007851023375
2016-09-02,3.7877322023696025
2016-09-06,3.581833432436294
2016-09-07,3.5573691867928385
2016-09-08,3.4827469232020354
2016-09-09,3.4161875285094347
2016-09-12,3.549634120997811
2016-09-13,3.491261951120063
2016-09-14,3.4809655180823005
2016-09-15,3.5365926429898664
2016-09-16,3.524308054806576
2016-09-19,3.511203792988581
2016-09-20,3.517537001644696
2016-09-21,3.622412772932582
2016-09-22,3.651161043490793
2016-09-23,3.5908082271848136
2016-09-26,3.529520103888939
2016-09-27,3.563264643620089
2016-09-28,3.59065566503537
2016-09-29,3.551518520257719
2016-09-30,3.556085958034807
2016-10-03,3.5306052225369813
2016-10-04,3.524214955176161
2016-10-05,3.526026518178684
2016-10-06,3.5247895802916367
2016-10-07,3.489980229277088
2016-10-10,3.495445589541214
2016-10-11,3.3330576110953065
2016-10-12,3.3624752839053014
2016-10-13,3.348927289314338
2016-10-14,3.3308140057432585
2016-10-17,3.32685123701628
2016-10-18,3.353815323788355
2016-10-19,3.4008278446997418
2016-10-20,3.394335175993795
2016-10-21,3.383478452591921
2016-10-24,3.290698165101641
2016-10-25,3.2591225368069305
2016-10-26,3.154087077207171
2016-10-27,3.098939109646618
2016-10-28,3.083313022236359
2016-10-31,3.033145329992664
2016-11-01,2.893587475513152
2016-11-02,2.831881580610298
2016-11-03,3.0327571875830017
2016-11-04,2.9651254204854416
2016-11-07,3.0314693503475403
2016-11-08,3.014110050171322
2016-11-09,2.9909314727591023
2016-11-10,3.02917819533717
2016-11-11,3.0212404872582126
2016-11-14,3.0696957440457435
2016-11-15,3.0639848510605305
2016-11-16,2.925216067658825
2016-11-17,2.9516707636723614
2016-11-18,2.9030646414653147
2016-11-21,2.9735352327586257
2016-11-22,2.931987464895607
2016-11-23,2.9609693175778404
2016-11-25,2.984363407758771
2016-11-28,2.9922276526349667
2016-11-29,2.99707437752113
2016-11-30,2.9486880229272985
2016-12-01,2.89528989671332
2016-12-02,2.8176193099643383
2016-12-05,2.9059047389811914
2016-12-06,2.894740263712792
2016-12-07,2.917923015953421
2016-12-08,2.9140643589479445
2016-12-09,2.9238451783234742
2016-12-12,2.89321579898826
2016-12-13,2.9103868045287102
2016-12-14,2.8833458231296447
2016-12-15,2.907164732510346
2016-12-16,2.8768632703355137
2016-12-19,2.854156808075501
2016-12-20,2.835345392069475
2016-12-21,2.7151282550263884
2016-12-22,2.6152173622976056
2016-12-23,2.455346315643556
2016-12-27,2.431295274487433
2016-12-28,2.305432380895201
2016-12-29,2.3104950383312617
2016-12-30,2.329111139853817
2017-01-03,2.1630040543146483
2017-01-04,1.9664770452034284
2017-01-05,2.239041612294677
2017-01-06,2.523805680565939
2017-01-09,2.513103154732842
2017-01-10,2.49967208899383
2017-01-11,2.925489597199856
2017-01-12,2.8210040647940304
2017-01-13,2.760538879778705
2017-01-17,2.4978466831983748
2017-01-18,2.5624225330122523
2017-01-19,2.517804389992622
2017-01-20,2.5377028780342967
2017-01-23,2.4594683807889286
2017-01-24,2.5541651647528774
2017-01-25,2.5493766647638214
2017-01-26,2.5029587802201303
2017-01-27,2.494906160811362
2017-01-30,2.4782099771087167
2017-01-31,2.34837493457956
2017-02-01,2.3048503676804337
2017-02-02,2.254249975463481
2017-02-03,2.2306996199962947
2017-02-06,2.208312868737525
2017-02-07,2.1605315219977874
2017-02-08,2.1585314587108546
2017-02-09,2.320906660096559
2017-02-10,2.3426327296433267
2017-02-13,2.350243511069377
2017-02-14,2.32699229160387
2017-02-15,2.331808120799547
2017-02-16,2.284532531887461
2017-02-17,2.2473117250790846
2017-02-21,2.1208462111141
2017-02-22,2.1144940151198357
2017-02-23,2.026030339713134
2017-02-24,2.017023362035997
2017-02-27,2.0083138205524875
2017-02-28,2.003135631637872
2017-03-01,1.959885448619632
2017-03-02,1.9039974926509573
2017-03-03,1.8691284915495088
2017-03-06,1.8661644843403529
2017-03-07,1.9356864646561391
2017-03-08,2.054765200407609
2017-03-09,1.9898107149570003
2017-03-10,2.124615086951817
2017-03-13,1.92664287131973
2017-03-14,1.9076209283644152
2017-03-15,1.908803576897284
2017-03-16,2.004849062847488
2017-03-17,2.1615935233711348
2017-03-20,2.2513777967572044
2017-03-21,2.091866366053617
2017-03-22,2.23845236897082
2017-03-23,2.2587932082364994
2017-03-24,2.500191922984978
2017-03-27,2.239106155424312
2017-03-28,2.2523707332949963
2017-03-29,2.2703827507789835
2017-03-30,2.3070837121655847
2017-03-31,2.204461587243158
2017-04-03,2.062265557264539
2017-04-04,2.082647175918266
2017-04-05,2.091920099828547
2017-04-06,1.9933455230239103
2017-04-07,2.001478452033546
2017-04-10,1.985595429661524
2017-04-11,1.953328196630239
2017-04-12,1.953505953313752
2017-04-13,1.9917811754403656
2017-04-17,1.9674933139996469
2017-04-18,1.9330262005816845
2017-04-19,1.9319087544388651
2017-04-20,1.9167508804332032
2017-04-21,1.9219261466897424
2017-04-24,1.8990919937441104
2017-04-25,1.887498222707785
2017-04-26,1.863622906508076
2017-04-27,1.812791736499388
2017-04-28,1.8110415551651224
2017-05-01,1.6800296279835034
2017-05-02,1.6458818093616931
2017-05-03,1.6026749643252618
2017-05-04,1.5539874948726216
2017-05-05,1.54250545782902
2017-05-08,1.3922766221624328
2017-05-09,1.3654862489046349
2017-05-10,1.342728215774012
2017-05-11,1.2952931244030024
2017-05-12,1.3866398621335516
2017-05-15,1.3818905530488648
2017-05-16,1.3841102305967352
2017-05-17,1.2816284538018994
2017-05-18,1.2525983851545337
2017-05-19,1.1982281254682705
2017-05-22,1.1015092146408896
2017-05-23,1.0336146053844308
2017-05-24,0.9839378952196636
2017-05-25,1.0477618412409102
2017-05-26,1.096893487188719
2017-05-30,1.109144205437829
2017-05-31,1.0548414945433249
2017-06-01,1.0092114959469418
2017-06-02,0.9801169438034608
2017-06-05,0.9066886175538889
2017-06-06,0.8484667922443568
2017-06-07,0.8905554472833216
2017-06-08,0.8674695566063513
2017-06-09,0.8611662856467992
2017-06-12,0.913431567406326
2017-06-13,0.898171555643255
2017-06-14,0.9726895102829782
2017-06-15,0.9869673063283316
2017-06-16,0.966087703186364
2017-06-19,0.9474281234226222
2017-06-20,0.8953776721647095
2017-06-21,0.9057342675881384
2017-06-22,0.8998636358591036
2017-06-23,0.8882987518356731
2017-06-26,0.9841110841096952
2017-06-27,0.9478657482399292
2017-06-28,0.9479180455020416
2017-06-29,0.9528928555805156
2017-06-30,0.9768505128316912
2017-07-03,0.947329607832122
2017-07-05,0.93487678591853
2017-07-06,0.9237855160977484
2017-07-07,0.96288503262417
2017-07-10,1.0231268636796478
2017-07-11,1.0375311677987815
2017-07-12,1.018513077354992
2017-07-13,1.038139946353049
2017-07-14,1.1011623500001804
2017-07-17,1.1035401876535116
2017-07-18,1.061120123409529
2017-07-19,1.0881488114919626
2017-07-20,0.8778569936980597
2017-07-21,0.9268225140235624
2017-07-24,0.8965645498496221
2017-07-25,0.9614396003813797
2017-07-26,0.9795924513062771
2017-07-27,0.9265058854888024
2017-07-28,0.8800609784450409
2017-07-31,0.8591331714921969
2017-08-01,0.9110056023926008
2017-08-02,0.9140065517994213
2017-08-03,0.8814252813371385
2017-08-04,0.8552915235046977
2017-08-07,0.7342272887741437
2017-08-08,0.7236735042947374
2017-08-09,0.7401771866961045
2017-08-10,0.7210908117079309
2017-08-11,0.6687411973832571
2017-08-14,0.5701193154197637
2017-08-15,0.5893475031446328
2017-08-16,0.5639293642613946
2017-08-17,0.560984290804697
2017-08-18,0.5829780130149808
2017-08-21,0.6068285603546357
2017-08-22,0.5980973140196942
2017-08-23,0.5887096840589143
2017-08-24,0.5626643424191137
2017-08-25,0.5588457302253973
2017-08-28,0.5577069412394905
2017-08-29,0.5342409595052503
2017-08-30,0.5383195393580181
2017-08-31,0.5255039089885194
2017-09-01,0.5062438890106595
2017-09-05,0.5615979367928603
2017-09-06,0.5363227360199819
2017-09-07,0.535905319368691
2017-09-08,0.5820703355934083
2017-09-11,0.5979208500634983
2017-09-12,0.6043560330921208
2017-09-13,0.6434802697765195
2017-09-14,0.7910173396761894
2017-09-15,0.6873446653335376
2017-09-18,0.6159279118523332
2017-09-19,0.6386418039001468
2017-09-20,0.6421587633200075
2017-09-21,0.688673237076692
2017-09-22,0.6891839051297775
2017-09-25,0.6359183276503974
2017-09-26,0.641473666357525
2017-09-27,0.5968190992601161
2017-09-28,0.6012508761852697
2017-09-29,0.6051688330484976
2017-10-02,0.5735850920352809
2017-10-03,0.5870508003721698
2017-10-04,0.6000293359443594
2017-10-05,0.5896091119447906
2017-10-06,0.5832626089785318
2017-10-09,0.5332605416686236
2017-10-10,0.5333845883337506
2017-10-11,0.5294210274516065
2017-10-12,0.4683260524709751
2017-10-13,0.4521117400513908
2017-10-16,0.4467033026073324
2017-10-17,0.4565793682345878
2017-10-18,0.4581295039805731
2017-10-19,0.448820375314482
2017-10-20,0.4283841464652823
2017-10-23,0.4325196711977765
2017-10-24,0.4648628858143515
2017-10-25,0.4446598715294187
2017-10-26,0.4336111062414807
2017-10-27,0.4464824010035067
2017-10-30,0.4196749984568301
2017-10-31,0.3981293749065374
2017-11-01,0.3811499820591739
2017-11-02,0.3644628237135339
2017-11-03,0.3590352858640576
2017-11-06,0.3689617713388917
2017-11-07,0.3626122819715289
2017-11-08,0.3477865572417377
2017-11-09,0.3618101972569885
2017-11-10,0.3901851570807656
2017-11-13,0.3940611229733636
2017-11-14,0.3886328021983197
2017-11-15,0.3505715372335192
2017-11-16,0.3284732899573798
2017-11-17,0.3345250180960085
2017-11-20,0.3148705470883738
2017-11-21,0.3220104549683786
2017-11-22,0.314662192581672
2017-11-24,0.3153037958044099
2017-11-27,0.2649549084492823
2017-11-28,0.2611683391728577
2017-11-29,0.2655651274543778
2017-11-30,0.2587144484038199
2017-12-01,0.2407358198859793
2017-12-04,0.226421430290577
2017-12-05,0.220662601664992
2017-12-06,0.1839743917385334
2017-12-07,0.1473197928212393
2017-12-08,0.160023895704773
2017-12-11,0.1570538630400101
2017-12-12,0.152974381734916
2017-12-13,0.1622877722384888
2017-12-14,0.1601068588363695
2017-12-15,0.1511167962525202
2017-12-18,0.1407414394567193
2017-12-19,0.1508418372672267
2017-12-20,0.1611617761001058
2017-12-21,0.1698783136007099
2017-12-22,0.1939978980162263
2017-12-26,0.1664927534825349
2017-12-27,0.169373369775389
2017-12-28,0.1839961687647622
2017-12-29,0.1824217786187839
2018-01-02,0.1799353981672138
2018-01-03,0.1784790512856884
2018-01-04,0.1746236958387728
2018-01-05,0.1573854615648039
2018-01-08,0.1811266920910286
2018-01-09,0.1885039098228318
2018-01-10,0.183542039250987
2018-01-11,0.2064449789579909
2018-01-12,0.1992933113087653
2018-01-16,0.2416274245572429
2018-01-17,0.2504835418585778
2018-01-18,0.243839156249484
2018-01-19,0.2421127861754413
2018-01-22,0.2591589247003284
2018-01-23,0.2612279434664104
2018-01-24,0.2497966390377738
2018-01-25,0.2521670694261895
2018-01-26,0.2571629354184102
2018-01-29,0.252605248629913
2018-01-30,0.2792743126749046
2018-01-31,0.2762726288278899
2018-02-01,0.3077223335210736
2018-02-02,0.3127854239801262
2018-02-05,0.3808536453606693
2018-02-06,0.3475805897057164
2018-02-07,0.3518638527328387
2018-02-08,0.312258416978144
2018-02-09,0.2998232694004069
2018-02-12,0.2975386858579679
2018-02-13,0.309705055351882
2018-02-14,0.2842269699946547
2018-02-15,0.2686496543742724
2018-02-16,0.2669773855924998
2018-02-20,0.2381911101873886
2018-02-21,0.2526874559809701
2018-02-22,0.2702608656609195
2018-02-23,0.2666996877040015
2018-02-26,0.2681277595847808
2018-02-27,0.2558626211347814
2018-02-28,0.2609978915139305
2018-03-01,0.2445137359031138
2018-03-02,0.2427523727427167
2018-03-05,0.2351049387231976
2018-03-06,0.2530747055473792
2018-03-07,0.2736220771437284
2018-03-08,0.2915345528138379
2018-03-09,0.2984262602765987
2018-03-12,0.3023339167877761
2018-03-13,0.3007455451771892
2018-03-14,0.3324719822254447
2018-03-15,0.3309693166453355
2018-03-16,0.3300425310389332
2018-03-19,0.3143355134419412
2018-03-20,0.3048128310022369
2018-03-21,0.3037120404550382
2018-03-22,0.3028812637524498
2018-03-23,0.2914831913536208
2018-03-26,0.323842171453124
2018-03-27,0.3335384606945265
2018-03-28,0.3274884098515878
2018-03-29,0.3685432051587989
2018-04-02,0.3644766868064249
2018-04-03,0.3506453095664714
2018-04-04,0.3858698192106045
2018-04-05,0.3909347033607646
2018-04-06,0.3924569700812652
2018-04-09,0.3859495090850545
2018-04-10,0.3887291153304412
2018-04-11,0.3791717383899609
2018-04-12,0.3376734151198625
2018-04-13,0.3364125529978926
2018-04-16,0.3322930600025836
2018-04-17,0.342490397615346
2018-04-18,0.3318021023664302
2018-04-19,0.3246960895276823
2018-04-20,0.3018529486770448
2018-04-23,0.2989951801055436
2018-04-24,0.2716741488624645
2018-04-25,0.2983808966135933
2018-04-26,0.2873390222874654
2018-04-27,0.2970841344082452
2018-04-30,0.2865684515314051
2018-05-01,0.2911281067858545
2018-05-02,0.2853716732247207
2018-05-03,0.2698858445818195
2018-05-04,0.2745578682726405
2018-05-07,0.2851410539029014
2018-05-08,0.289331013648242
2018-05-09,0.2893016681146392
2018-05-10,0.3010933220458492
2018-05-11,0.323132515109174
2018-05-14,0.3132035841838549
2018-05-15,0.318605043312802
2018-05-16,0.3253095038999113
2018-05-17,0.3360541641403504
2018-05-18,0.3288061961940316
2018-05-21,0.3246244423240521
2018-05-22,0.3387856934897795
2018-05-23,0.3616505953613467
2018-05-24,0.359514673909406
2018-05-25,0.3638073656891063
2018-05-29,0.3599635686778188
2018-05-30,0.3677854110408554
2018-05-31,0.3609832773653478
2018-06-01,0.3626119706906297
2018-06-04,0.3655440821046113
2018-06-05,0.3600846939415144
2018-06-06,0.3622102624687638
2018-06-07,0.3608079498196379
2018-06-08,0.3644667823099576
2018-06-11,0.4027844584080221
2018-06-12,0.423381607134896
2018-06-13,0.4371139585661837
2018-06-14,0.4168305706110188
2018-06-15,0.4305158270284463
2018-06-18,0.4118521463670722
2018-06-19,0.4080671485715987
2018-06-20,0.4083671113056904
2018-06-21,0.408598239159375
2018-06-22,0.4528304218895986
2018-06-25,0.4347882429265526
2018-06-26,0.4468670101113508
2018-06-27,0.4384558932804813
2018-06-28,0.4601232646650254
2018-06-29,0.437156490129075
2018-07-02,0.4122521444035848
2018-07-03,0.4155268608946652
2018-07-05,0.4121934544334509
2018-07-06,0.4135491224034427
2018-07-09,0.4129743645010568
2018-07-10,0.4413684154986779
2018-07-11,0.4337991928447937
2018-07-12,0.4492495376708046
2018-07-13,0.4490682418868703
2018-07-16,0.4150895437595023
2018-07-17,0.3837637868168118
2018-07-18,0.381997590384911
2018-07-19,0.3755916197149527
2018-07-20,0.380987298670536
2018-07-23,0.3640176356240264
2018-07-24,0.334794594579556
2018-07-25,0.3478712078019576
2018-07-26,0.3568397618496127
2018-07-27,0.3452316836443618
2018-07-30,0.3425960462402669
2018-07-31,0.3619705389761647
2018-08-01,0.3689696074800062
2018-08-02,0.3736175452038368
2018-08-03,0.3820555614410988
2018-08-06,0.4100233007892094
2018-08-07,0.4232784108040337
2018-08-08,0.4531859620801101
2018-08-09,0.434451912708658
2018-08-10,0.4581104121602812
2018-08-13,0.4480982363686141
2018-08-14,0.4580794874004155
2018-08-15,0.4467561501686281
2018-08-16,0.4484311012726146
2018-08-17,0.4331089779500531
2018-08-20,0.4528868288060815
2018-08-21,0.4412183628841341
2018-08-22,0.4487925726417439
2018-08-23,0.4371893641049076
2018-08-24,0.4277837900994283
2018-08-27,0.4207540165803022
2018-08-28,0.4083153578008833
2018-08-29,0.4135055787653826
2018-08-30,0.4157400789215064
2018-08-31,0.4122894499701796
2018-09-04,0.3934873261221966
2018-09-05,0.4252425078257779
2018-09-06,0.440798766652657
2018-09-07,0.4440465326176583
2018-09-10,0.4545444166444371
2018-09-11,0.4568578439771052
2018-09-12,0.454819108080679
2018-09-13,0.445610214264881
2018-09-14,0.4460478046608082
2018-09-17,0.4599121121762626
2018-09-18,0.4558426298597638
2018-09-19,0.4544708532601355
2018-09-20,0.449524291125024
2018-09-21,0.434995038851815
2018-09-24,0.442636628810874
2018-09-25,0.4522723229032118
2018-09-26,0.4474164697002502
2018-09-27,0.4364398846744299
2018-09-28,0.4385796231959338
2018-10-01,0.4438177066174889
2018-10-02,0.4459098988872556
2018-10-03,0.4498992063258449
2018-10-04,0.4411961234714134
2018-10-05,0.4357234868009566
2018-10-08,0.4336034593075469
2018-10-09,0.4336137482397805
2018-10-10,0.4230001264164856
2018-10-11,0.436103796365816
2018-10-12,0.4410063858232544
2018-10-15,0.4170049787878559
2018-10-16,0.4259965313065902
2018-10-17,0.4292520334823722
2018-10-18,0.4274979188501588
2018-10-19,0.4280904014451906
2018-10-22,0.4248206944848387
2018-10-23,0.4232241940246334
2018-10-24,0.4088924852745296
2018-10-25,0.4177654261993229
2018-10-26,0.4106243393808641
2018-10-29,0.4170857998773404
2018-10-30,0.4235105031109836
2018-10-31,0.429235114057193
2018-11-01,0.4296746218120423
2018-11-02,0.4262480485954664
2018-11-05,0.4265506260370821
2018-11-06,0.4264735778348307
2018-11-07,0.4309080408176419
2018-11-08,0.4349166038634905
2018-11-09,0.4355113456060867
2018-11-12,0.4278927062180453
2018-11-13,0.4280500215137379
2018-11-14,0.470793874920323
2018-11-15,0.4833897934368533
2018-11-16,0.49076236701012
2018-11-19,0.5523422712585945
2018-11-20,0.5934337307772036
2018-11-21,0.5758001066073196
2018-11-23,0.6055885729574505
2018-11-26,0.7074247337543855
2018-11-27,0.7020064130429852
2018-11-28,0.6444724949410473
2018-11-29,0.6398453260372668
2018-11-30,0.6870762769032033
2018-12-03,0.7165578707941388
2018-12-04,0.6823685941213283
2018-12-06,0.7656552122655034
2018-12-07,0.7699205807398211
2018-12-10,0.753062808991419
2018-12-11,0.7699553714296021
2018-12-12,0.7602833191948664
2018-12-13,0.7998787577115504
2018-12-14,0.8018387319596741
2018-12-17,0.7180025533153648
2018-12-18,0.6888850680141393
2018-12-19,0.669245319196888
2018-12-20,0.5967964422340155
2018-12-21,0.6201958203267958
2018-12-24,0.5764479488795065
2018-12-26,0.6397483944261242
2018-12-27,0.6809694835031574
2018-12-28,0.633484070271897
2018-12-31,0.6697971526736842
2019-01-02,0.636512661893531
2019-01-03,0.6380127712549025
2019-01-04,0.6563310875349997
2019-01-07,0.6334242653048685
2019-01-08,0.6386770167785025
2019-01-09,0.6405873852154457
2019-01-10,0.7058149330988545
2019-01-11,0.7040961968355705
2019-01-14,0.6968628437831645
2019-01-15,0.7189571741332232
2019-01-16,0.7157579219643858
2019-01-17,0.71657309377505
2019-01-18,0.7301332019801755
2019-01-22,0.7304323902416822
2019-01-23,0.7360137760046808
2019-01-24,0.733804162885374
2019-01-25,0.7402592575838232
2019-01-28,0.7618175633918198
2019-01-29,0.7656352853937558
2019-01-30,0.7690505903609396
2019-01-31,0.7820307094786113
2019-02-01,0.775966876429309
2019-02-04,0.7877273101016008
2019-02-05,0.7897915933005593
2019-02-06,0.8001745430973626
2019-02-07,0.796020765519918
2019-02-08,0.738489814191659
2019-02-11,0.7427303129315285
2019-02-12,0.7512545562592563
2019-02-13,0.7579781246989893
2019-02-14,0.7591430537037968
2019-02-15,0.7665686659306779
2019-02-19,0.7042547428608823
2019-02-20,0.6962062201887108
2019-02-21,0.7017695900017215
2019-02-22,0.6972041863302029
2019-02-25,0.7201464908029189
2019-02-26,0.7248677905551562
2019-02-27,0.7250962191317424
2019-02-28,0.722346304920686
2019-03-01,0.72642288135352
2019-03-04,0.7424611571447319
2019-03-05,0.7159603226957749
2019-03-06,0.7099105227719198
2019-03-07,0.7027843314957957
2019-03-08,0.7031472801705485
2019-03-11,0.7127114092558358
2019-03-12,0.7140978362098599
2019-03-13,0.7195094286845936
2019-03-14,0.7156513263228514
2019-03-15,0.7125835157186697
2019-03-18,0.7025256778560466
2019-03-19,0.6957597015278915
2019-03-20,0.6909471176098055
2019-03-21,0.708525257597753
2019-03-22,0.6960069709250734
2019-03-25,0.7061090806806024
2019-03-26,0.7072529002368514
2019-03-27,0.686401933787052
2019-03-28,0.6919060664737392
2019-03-29,0.6915912379991543
2019-04-01,0.6895295057197903
2019-04-02,0.5875638758894095
2019-04-03,0.5777975480789954
2019-04-04,0.5849091122975727
2019-04-05,0.5743345474406849
2019-04-08,0.547428238702515
2019-04-09,0.5529726996539789
2019-04-10,0.5424325074312116
2019-04-11,0.5703084273140823
2019-04-12,0.5712521068030166
2019-04-15,0.5734197592893352
2019-04-16,0.5552529809951591
2019-04-17,0.5522627947328594
2019-04-18,0.5482858686875259
2019-04-22,0.5385762667414247
2019-04-23,0.5264697037327953
2019-04-24,0.535648929994665
2019-04-25,0.5615893190753074
2019-04-26,0.5568641813966846
2019-04-29,0.560859977939024
2019-04-30,0.5505476767903892
2019-05-01,0.5411611713044086
2019-05-02,0.5299490785707374
2019-05-03,0.5106608929122102
2019-05-06,0.5102781257357495
2019-05-07,0.49473356619277
2019-05-08,0.4813105504676637
2019-05-09,0.4649293994235864
2019-05-10,0.4517115623279847
2019-05-13,0.3598081493058458
2019-05-14,0.3545487133230934
2019-05-15,0.3474590613861405
2019-05-16,0.3647879769838225
2019-05-17,0.3893750974880949
2019-05-20,0.3559939770778644
2019-05-21,0.3596938664452742
2019-05-22,0.3719069430450278
2019-05-23,0.3580683696255649
2019-05-24,0.353816024404246
2019-05-28,0.3213763913416605
2019-05-29,0.3213839251227682
2019-05-30,0.3352207793274908
2019-05-31,0.3209585902060182
2019-06-03,0.3343222784267115
2019-06-04,0.3636939941458989
2019-06-05,0.3612047933521825
2019-06-06,0.3635235835017114
2019-06-07,0.3572050633446181
2019-06-10,0.360826381969737
2019-06-11,0.3640040295741077
2019-06-12,0.3535343106002643
2019-06-13,0.3513141359293613
2019-06-14,0.3320721686135949
2019-06-17,0.3100386932537276
2019-06-18,0.3212757366481267
2019-06-19,0.3155715944442794
2019-06-20,0.3100798016607946
2019-06-21,0.2908416863800687
2019-06-24,0.2674891172076054
2019-06-25,0.247426038597805
2019-06-26,0.2238574230597449
2019-06-27,0.2615550832515805
2019-06-28,0.2370985158095468
2019-07-01,0.2800994359207649
2019-07-02,0.2752359478661716
2019-07-03,0.2504600419322128
2019-07-05,0.2723888343856573
2019-07-08,0.2422236792018581
2019-07-09,0.2369710764187473
2019-07-10,0.2462112402937308
2019-07-11,0.2641076812764212
2019-07-12,0.2550586921683994
2019-07-15,0.2766659194239951
2019-07-16,0.3169607129443731
2019-07-17,0.3078688522608375
2019-07-18,0.2807964227531518
2019-07-19,0.2826593619679008
2019-07-22,0.2886009193736657
2019-07-23,0.3035592894174674
2019-07-24,0.3077438747410776
2019-07-25,0.3030385253749707
2019-07-26,0.3065620061993485
2019-07-29,0.3173572636560468
2019-07-30,0.313630374338204
2019-07-31,0.29550761772994
2019-08-01,0.2840051999852384
2019-08-02,0.2787603460936431
2019-08-05,0.2409642154525907
2019-08-06,0.2510653078257851
2019-08-07,0.2414995417291432
2019-08-08,0.2455281716778602
2019-08-09,0.2460309803207156
2019-08-12,0.2532546031378887
2019-08-13,0.268572476569215
2019-08-14,0.2825988577613113
2019-08-15,0.2761564682641566
2019-08-16,0.2784447248756345
2019-08-19,0.2678302965305453
2019-08-20,0.2694831716047198
2019-08-21,0.2884607974887305
2019-08-22,0.2885138575973224
2019-08-23,0.273551088052682
2019-08-26,0.2775460181624374
2019-08-27,0.2816906300239924
2019-08-28,0.2960646657781141
2019-08-29,0.3075203484745255
2019-08-30,0.3048975787833989
2019-09-03,0.2735688865335816
2019-09-04,0.2772931166978423
2019-09-05,0.2814042510046313
2019-09-06,0.2877062554200794
2019-09-09,0.2881893806433592
2019-09-10,0.2945232387393123
2019-09-11,0.2948339784505921
2019-09-12,0.2891002272989511
2019-09-13,0.2902732769671606
2019-09-16,0.2917213264069524
2019-09-17,0.2934889158194244
2019-09-18,0.2948280887706088
2019-09-19,0.2928763378084772
2019-09-20,0.2938691210560981
2019-09-23,0.3075013189026248
2019-09-24,0.344130531319315
2019-09-25,0.3516993662521959
2019-09-26,0.3667486065074996
2019-09-27,0.3589245540474491
2019-09-30,0.3589085251116783
2019-10-01,0.352409517628283
2019-10-02,0.3440480948516343
2019-10-03,0.3523768324160415
2019-10-04,0.3597406520762757
2019-10-07,0.3564060620229625
2019-10-08,0.3515781115116835
2019-10-09,0.339633332644099
2019-10-10,0.3421812036532295
2019-10-11,0.3569282398043814
2019-10-14,0.3541804095046001
2019-10-15,0.3650877712263954
2019-10-16,0.3715041894361106
2019-10-17,0.3699386508612197
2019-10-18,0.3745293150663455
2019-10-21,0.364728510217886
2019-10-22,0.3708733172309745
2019-10-23,0.3998205203778441
2019-10-24,0.4017207647394401
2019-10-25,0.3489960373485788
2019-10-28,0.3283676728390841
2019-10-29,0.3221245817257016
2019-10-30,0.3309646445444539
2019-10-31,0.3301844671788543
2019-11-01,0.3311602751806293
2019-11-04,0.3270367375057257
2019-11-05,0.3290993972037311
2019-11-06,0.3286849172102023
2019-11-07,0.3329009388109546
2019-11-08,0.3512915310866065
2019-11-11,0.3524874065772931
2019-11-12,0.3507212560475308
2019-11-13,0.351265640693148
2019-11-14,0.3556036056161377
2019-11-15,0.3674591181949906
2019-11-18,0.3757278278056048
2019-11-19,0.3802247874681382
2019-11-20,0.387237592568543
2019-11-21,0.4060763519757286
2019-11-22,0.4262669697928669
2019-11-25,0.4385084277843091
2019-11-26,0.4350732289519525
2019-11-27,0.418716243992566
2019-11-29,0.4047006022701314
2019-12-02,0.4252765775604197
2019-12-03,0.4225598996455229
2019-12-04,0.4292257486735774
2019-12-05,0.4185420489947184
2019-12-06,0.4168426310937408
2019-12-09,0.4237268723013369
2019-12-10,0.4304023812812764
2019-12-11,0.435283900438737
2019-12-12,0.4374584188326512
2019-12-13,0.4358923716950086
2019-12-16,0.4603619102222047
2019-12-17,0.4807639096970354
2019-12-18,0.4385359901957285
2019-12-19,0.4450144985992879
2019-12-20,0.4462255014428979
2019-12-23,0.4383051761953919
2019-12-24,0.4402001634242978
2019-12-26,0.4475652400433742
2019-12-27,0.4444418025035463
2019-12-30,0.4416964480712241
2019-12-31,0.4491187199774973
2020-01-02,0.4663752041678587
2020-01-03,0.4404222007465203
2020-01-06,0.4178386437213007
2020-01-07,0.3965337962091822
2020-01-08,0.4026120408454202
2020-01-09,0.4156200434076182
2020-01-10,0.3998442939334962
2020-01-13,0.4037391235009122
2020-01-14,0.3719118070195564
2020-01-15,0.3734854124006099
2020-01-16,0.3802030457989264
2020-01-17,0.3728979633798827
2020-01-21,0.3796970140900931
2020-01-22,0.3826514753774151
2020-01-23,0.3955907759420241
2020-01-24,0.3902072703620727
2020-01-27,0.3640511395926303
2020-01-28,0.3500783819928132
2020-01-29,0.3513502139204415
2020-01-30,0.3453215135877231
2020-01-31,0.3449558754507338
2020-02-03,0.3495897574818479
2020-02-04,0.3591769324389611
2020-02-05,0.3468784900183317
2020-02-06,0.343869290719145
2020-02-07,0.3397028585054839
2020-02-10,0.3400854488728516
2020-02-11,0.3289255746116465
2020-02-12,0.3272740706344312
2020-02-13,0.3303127532082002
2020-02-14,0.3277852812135906
2020-02-18,0.3323103270705694
2020-02-19,0.3515015021407888
2020-02-20,0.3510681741654884
2020-02-21,0.3445795891405875
2020-02-24,0.3342830526770534
2020-02-25,0.3348649882196208
2020-02-26,0.353311258644751
2020-02-27,0.3390929474231161
2020-02-28,0.3406440211093988
2020-03-02,0.3484041692292752
2020-03-03,0.3417664098552979
2020-03-04,0.3575136647982928
2020-03-05,0.3330784208037021
2020-03-06,0.3258268196487347
2020-03-09,0.3466283788680339
2020-03-10,0.3643904615594693
2020-03-11,0.3465087628788672
2020-03-12,0.499043582162741
2020-03-13,0.4872686509739108
2020-03-16,0.4758479228367457
2020-03-17,0.4839971897075421
2020-03-18,0.4577891118480597
2020-03-19,0.3891640823899057
2020-03-20,0.3718345459011029
2020-03-23,0.3487048130859648
2020-03-24,0.3633855095361534
2020-03-25,0.3705338600962068
2020-03-26,0.3915868972401123
2020-03-27,0.3928205853112422
2020-03-30,0.4085092581314118
2020-03-31,0.4014183537150251
2020-04-01,0.3739342551792305
2020-04-02,0.3719516582032082
2020-04-03,0.3695985134710522
2020-04-06,0.3663036386910875
2020-04-07,0.3705764059881214
2020-04-08,0.3749581397999525
2020-04-09,0.3820577827180376
2020-04-13,0.4034499217006618
2020-04-14,0.4159430203837899
2020-04-15,0.4190475864918734
2020-04-16,0.393371795887745
2020-04-17,0.4050853004330975
2020-04-20,0.4102262333769989
2020-04-21,0.3977371356354618
2020-04-22,0.3933157844438006
2020-04-23,0.3765684727126757
2020-04-24,0.3756823239673194
2020-04-27,0.3692441356431546
2020-04-28,0.3667693611100131
2020-04-29,0.3339958287946102
2020-04-30,0.3363644817449868
2020-05-01,0.3193214314789247
2020-05-04,0.3189554868330426
2020-05-05,0.3186068576431825
2020-05-06,0.3073139658033136
2020-05-07,0.2895226417529124
2020-05-08,0.297663259545446
2020-05-11,0.340648624543453
2020-05-12,0.3259841489121579
2020-05-13,0.3042075363548801
2020-05-14,0.2930533760742971
2020-05-15,0.3069939313702972
2020-05-18,0.303694759233748
2020-05-19,0.3004346283350573
2020-05-20,0.3120461931472723
2020-05-21,0.3246627803147706
2020-05-22,0.3218540833794979
2020-05-26,0.3386250325242558
2020-05-27,0.3306964458979454
2020-05-28,0.3180568112606771
2020-05-29,0.3225204003077699
2020-06-01,0.3005458116929489
2020-06-02,0.3232826364328439
2020-06-03,0.3233883593219948
2020-06-04,0.317566111975346
2020-06-05,0.3304452909652189
2020-06-08,0.3307980807525081
2020-06-09,0.3274069099394594
2020-06-10,0.3232126925786019
2020-06-11,0.3220521933676838
2020-06-12,0.320784746462439
2020-06-15,0.3244827780756617
2020-06-16,0.3276087221613081
2020-06-17,0.3284183841806897
2020-06-18,0.3310022074711615
2020-06-19,0.3335200045084966
2020-06-22,0.3231372479362188
2020-06-23,0.3251714622691737
2020-06-24,0.3275131729784316
2020-06-25,0.3328464213086116
2020-06-26,0.3283943018032516
2020-06-29,0.3322041484640758
2020-06-30,0.3392747163846855
2020-07-01,0.337640908992302
2020-07-02,0.3430745692849739
2020-07-06,0.3391529605897034
2020-07-07,0.3399509063013625
2020-07-08,0.3362142532279647
2020-07-09,0.3397349641429382
2020-07-10,0.3432596267178474
2020-07-13,0.3413405062891284
2020-07-14,0.3459316278380328
2020-07-15,0.3509863265014529
2020-07-16,0.3521123465884951
2020-07-17,0.3523758764515219
2020-07-20,0.3548404585039086
2020-07-21,0.3474495006971437
2020-07-22,0.3439259924059655
2020-07-23,0.3377137571248977
2020-07-24,0.3371779493656317
2020-07-27,0.2947363597317163
2020-07-28,0.2949227592145171
2020-07-29,0.293540777552044
2020-07-30,0.2921570954807674
2020-07-31,0.2888797376162439
2020-08-03,0.2929493131494675
2020-08-04,0.2950688654842414
2020-08-05,0.2832862566320205
2020-08-06,0.2843144590071302
2020-08-07,0.2888667782612458
2020-08-10,0.2829128198812383
2020-08-11,0.2921591975199706
2020-08-12,0.2917884496576027
2020-08-13,0.2862687129820716
2020-08-14,0.2865907928456657
2020-08-17,0.2759816346293918
2020-08-18,0.282688186999894
2020-08-19,0.287018949905826
2020-08-20,0.2850146459233246
2020-08-21,0.2930483554099422
2020-08-24,0.2914138298936418
2020-08-25,0.3029719590869326
2020-08-26,0.3028046637545261
2020-08-27,0.3077300837358073
2020-08-28,0.3039211617730669
2020-08-31,0.2996630343545275
2020-09-01,0.2946122745001742
2020-09-02,0.3137225657045179
2020-09-03,0.3372337669418437
2020-09-04,0.3260103471754296
2020-09-08,0.3288589674103463
2020-09-09,0.3318536018315503
2020-09-10,0.3222180120457745
2020-09-11,0.321218850279568
2020-09-14,0.3167860118944758
2020-09-15,0.3150148497505173
2020-09-16,0.3084755545387947
2020-09-17,0.306604530454881
2020-09-18,0.3032979036081624
2020-09-21,0.313609118115578
2020-09-22,0.3146161849690628
2020-09-23,0.3159146004682573
2020-09-24,0.3017258412090132
2020-09-25,0.3084772582681224
2020-09-28,0.3129513442714315
2020-09-29,0.3075685111237261
2020-09-30,0.3118366860542559
2020-10-01,0.3183591772505478
2020-10-02,0.3166062746507368
2020-10-05,0.3158058716765077
2020-10-06,0.3169408914999956
2020-10-07,0.3205033233794269
2020-10-08,0.3157685390737347
2020-10-09,0.3142621075630593
2020-10-12,0.3058510480962405
2020-10-13,0.3073657315167937
2020-10-14,0.30523363535736
2020-10-15,0.3030216745256531
2020-10-16,0.3076993638181057
2020-10-19,0.2918505443266655
2020-10-20,0.2889411994941621
2020-10-21,0.2679073032103518
2020-10-22,0.2663519097921658
2020-10-23,0.2679796949016969
2020-10-26,0.2601074915374902
2020-10-27,0.2483247114845457
2020-10-28,0.2464742480313906
2020-10-29,0.2463267579877084
2020-10-30,0.2413874092311658
2020-11-02,0.2442893335623187
2020-11-03,0.2415116322536728
2020-11-04,0.2436331766176215
2020-11-05,0.2253199009763526
2020-11-06,0.2254572017549902
2020-11-09,0.2315697205867076
2020-11-10,0.2318718640398664
2020-11-11,0.2275385379631465
2020-11-12,0.2173098617289663
2020-11-13,0.2197078046200961
2020-11-16,0.2169709115305464
2020-11-17,0.204559191109407
2020-11-18,0.2003925446465644
2020-11-19,0.2010356432278963
2020-11-20,0.1910466657989054
2020-11-23,0.1948141198605041
2020-11-24,0.190261237785216
2020-11-25,0.1937660921674688
2020-11-27,0.2126645156311397
2020-11-30,0.184533789762936
2020-12-01,0.1947801059193623
2020-12-02,0.191083405494825
2020-12-03,0.1885649184555632
2020-12-04,0.1978163893264036
2020-12-07,0.1923734354828943
2020-12-08,0.2020752575629294
2020-12-09,0.1979539017674945
2020-12-10,0.2008268090126304
2020-12-11,0.2028616964082058
2020-12-14,0.189513033521874
2020-12-15,0.1902768513901715
2020-12-16,0.1736774341844662
2020-12-17,0.163229709248086
2020-12-18,0.1603170617380326
2020-12-21,0.1620359878024986
2020-12-22,0.1550374413510947
2020-12-23,0.1587692062628486
2020-12-24,0.1560106159844895
2020-12-28,0.1379134762755471
2020-12-29,0.1362100887050907
2020-12-30,0.1294007178919299
2020-12-31,0.1295119729897492
2021-01-04,0.1157468988284395
2021-01-05,0.1096379441447325
2021-01-06,0.1017842416975768
2021-01-07,0.096613900781894
2021-01-08,0.0937476482135327
2021-01-11,0.1068306809814845
2021-01-12,0.1120536013471701
2021-01-13,0.1020957068615599
2021-01-14,0.0968563109726557
2021-01-15,0.1023275608037682
2021-01-19,0.1053210557978399
2021-01-20,0.1083570717599918
2021-01-21,0.1249953826194382
2021-01-22,0.1163878598966208
2021-01-25,0.1191161510543977
2021-01-26,0.1181958210847683
2021-01-27,0.1232486401791256
2021-01-28,0.1131706457596254
2021-01-29,0.1082351711640131
2021-02-01,0.1125276657771453
2021-02-02,0.1077521518301143
2021-02-03,0.1022139394372165
2021-02-04,0.1048511354455847
2021-02-05,0.101898034632665
2021-02-08,0.0847595178794373
2021-02-09,0.0841466643494168
2021-02-10,0.0870444788723942
2021-02-11,0.0817456582416542
2021-02-12,0.0828300678499778
2021-02-16,0.0799309022659247
2021-02-17,0.0753864789194065
2021-02-18,0.0757350107271126
2021-02-19,0.0699023167233763
2021-02-22,0.0715124816658036
2021-02-23,0.0794964826535258
2021-02-24,0.0789740209193791
2021-02-25,0.0813129519213047
2021-02-26,0.0822436232079648
2021-03-01,0.0786162081863443
2021-03-02,0.07999940008176
2021-03-03,0.0755807840829075
2021-03-04,0.0776025398138735
2021-03-05,0.0785234332024791
2021-03-08,0.0731407536087553
2021-03-09,0.0706885972856095
2021-03-10,0.069610979113192
2021-03-11,0.0681486348156193
2021-03-12,0.0687806793479464
2021-03-15,0.0709915716914532
2021-03-16,0.0697599995323907
2021-03-17,0.0675056859392198
2021-03-18,0.0676725357827539
2021-03-19,0.067066402963484
2021-03-22,0.0722657602969054
2021-03-23,0.0714394476767212
2021-03-24,0.0736938704218705
2021-03-25,0.0756132583474265
2021-03-26,0.0720843990911327
2021-03-29,0.0687632275145695
2021-03-30,0.0671877996972604
2021-03-31,0.0674298820192318
2021-04-01,0.0680229311155012
2021-04-05,0.0690493798225086
2021-04-06,0.0700081588916715
2021-04-07,0.0727926368126403
2021-04-08,0.0702484948695768
2021-04-09,0.0708867632893137
2021-04-12,0.0689222280398447
2021-04-13,0.0652183367231791
2021-04-14,0.0653569968263345
2021-04-15,0.0658688307479331
2021-04-16,0.0679759724802339
2021-04-19,0.0747117924109026
2021-04-20,0.0732197271844912
2021-04-21,0.0774201937846337
2021-04-22,0.0798840488616
2021-04-23,0.0818138796136842
2021-04-26,0.0775172928382656
2021-04-27,0.0760763778031949
2021-04-28,0.0763010091681413
2021-04-29,0.078638065797877
2021-04-30,0.072400990392007
2021-05-03,0.0732978790605243
2021-05-04,0.0780870767148896
2021-05-05,0.0725757397038178
2021-05-06,0.0745014132632861
2021-05-07,0.0737947277845167
2021-05-10,0.074981120771955
2021-05-11,0.0732233713922026
2021-05-12,0.0826652248270758
2021-05-13,0.0827195302712388
2021-05-14,0.0836769309828318
2021-05-17,0.0956253555774416
2021-05-18,0.0961987315753476
2021-05-19,0.1112272601311674
2021-05-20,0.1019823653945196
2021-05-21,0.1114031427850112
2021-05-24,0.1084341425758757
2021-05-25,0.109059569814532
2021-05-26,0.1067839609357098
2021-05-27,0.1092926944925255
2021-05-28,0.1177700803198568
2021-06-01,0.1145440518026126
2021-06-02,0.1119920157983276
2021-06-03,0.1069365492848577
2021-06-04,0.1146485488357398
2021-06-07,0.125936560740384
2021-06-08,0.1262900289112117
2021-06-09,0.1129879802530262
2021-06-10,0.1155008213719545
2021-06-11,0.1137674669786555
2021-06-14,0.1058008722864277
2021-06-15,0.1050973003203304
2021-06-16,0.1101440350303885
2021-06-17,0.1109453645499341
2021-06-18,0.1164227664905498
2021-06-21,0.1333721923286584
2021-06-22,0.1306369389513773
2021-06-23,0.1257846693451189
2021-06-24,0.1230868496877924
2021-06-25,0.1353034343891299
2021-06-28,0.1246026602943328
2021-06-29,0.1196561404838583
2021-06-30,0.1226426221014009
2021-07-01,0.1286764226777662
2021-07-02,0.1283987911926324
2021-07-06,0.1268735288177713
2021-07-07,0.1287280355612415
2021-07-08,0.1314223029541476
2021-07-09,0.1292842265707429
2021-07-12,0.132243033816268
2021-07-13,0.1336067081089743
2021-07-14,0.1332719965829303
2021-07-15,0.137190987143718
2021-07-16,0.1377131829107074
2021-07-19,0.1381826674263391
2021-07-20,0.1450333692366382
2021-07-21,0.1357395149530052
2021-07-22,0.1351612578584419
2021-07-23,0.1313754110940519
2021-07-26,0.1184411286438987
2021-07-27,0.1116925040074138
2021-07-28,0.1100272640207708
2021-07-29,0.1104554915000318
2021-07-30,0.104065416238913
2021-08-02,0.1119117972661194
2021-08-03,0.1159319625361018
2021-08-04,0.1107657015805139
2021-08-05,0.1083716260556882
2021-08-06,0.1036170639713953
2021-08-09,0.0955960667567403
2021-08-10,0.0973290985733392
2021-08-11,0.0974348719680677
2021-08-12,0.1004051736462252
2021-08-13,0.0934858672882667
2021-08-16,0.0973755063619817
2021-08-17,0.099519953308911
2021-08-18,0.0982177095089555
2021-08-19,0.0943071105462511
2021-08-20,0.0900231885017206
2021-08-23,0.0904112615495623
2021-08-24,0.0940388831653697
2021-08-25,0.0918324648662569
2021-08-26,0.0952234495733118
2021-08-27,0.0919179077601522
2021-08-30,0.0962446401633195
2021-08-31,0.0958871698543861
2021-09-01,0.0926175059111116
2021-09-02,0.0919756670489155
2021-09-03,0.0906625922500581
2021-09-07,0.0965588715924506
2021-09-08,0.0979373753537893
2021-09-09,0.0968558324697016
2021-09-10,0.0993358212910545
2021-09-13,0.0993866646823995
2021-09-14,0.0943473067213639
2021-09-15,0.0930062242842356
2021-09-16,0.0936256901673732
2021-09-17,0.0937851251416782
2021-09-20,0.1017120307023706
2021-09-21,0.1069991800399728
2021-09-22,0.1008764150735351
2021-09-23,0.0990972336118616
2021-09-24,0.1040034075938526
2021-09-27,0.1051978932048703
2021-09-28,0.1060723373019473
2021-09-29,0.1048845601564666
2021-09-30,0.0983661120689955
2021-10-01,0.090551059808148
2021-10-04,0.0875627331253569
2021-10-05,0.0843586534425171
2021-10-06,0.0788192842901525
2021-10-07,0.0817708256197106
2021-10-08,0.0813695567724098
2021-10-11,0.0758668512580705
2021-10-12,0.0776332569640102
2021-10-13,0.0760229330599282
2021-10-14,0.0774274565550271
2021-10-15,0.0725943079458583
2021-10-18,0.0723318335861251
2021-10-19,0.0703313067174354
2021-10-20,0.0687376118477822
2021-10-21,0.0731356247383177
2021-10-22,0.074884334198782
2021-10-25,0.0724380189358227
2021-10-26,0.0757869877631918
2021-10-27,0.0778299319019061
2021-10-28,0.07582081679502
2021-10-29,0.0740082034560552
2021-11-01,0.0756284702283287
2021-11-02,0.0732391806379838
2021-11-03,0.074012487770103
2021-11-04,0.076157692290334
2021-11-05,0.0768503533926932
2021-11-08,0.0695859244215853
2021-11-09,0.0699585203386592
2021-11-10,0.071493091530334
2021-11-11,0.0715823374244234
2021-11-12,0.0729916823759685
2021-11-15,0.0736777321848967
2021-11-16,0.0781383400040996
2021-11-17,0.0776681190647649
2021-11-18,0.0826196611184311
2021-11-19,0.080832657643065
2021-11-22,0.0831941568174118
2021-11-23,0.0814795141135821
2021-11-24,0.0835363253862199
2021-11-26,0.0857689045972468
2021-11-29,0.0805318549248399
2021-11-30,0.0801151809219914
2021-12-01,0.0788581791510054
2021-12-02,0.0810424408892291
2021-12-03,0.0846749755177244
2021-12-06,0.0907756353466234
2021-12-07,0.092440671713605
2021-12-08,0.0930844246849077
2021-12-09,0.0979073321729001
2021-12-10,0.0997394244687119
2021-12-13,0.0998977730082295
2021-12-14,0.0994170370592602
2021-12-15,0.0963224085746416
2021-12-16,0.097946674037925
2021-12-17,0.1000092135029243
2021-12-20,0.0974401236160828
2021-12-21,0.095005143771363
2021-12-22,0.0965803783129737
2021-12-23,0.0930556843933646
2021-12-27,0.0946119746555582
2021-12-28,0.100577121481715
2021-12-29,0.1031992655750125
2021-12-30,0.1012912230078823
2021-12-31,0.1029269282843151
2022-01-03,0.1032448224114495
2022-01-04,0.1044399430831848
2022-01-05,0.1078881694940631
2022-01-06,0.108803258842859
2022-01-07,0.1125424894276368
2022-01-10,0.111672624094185
2022-01-11,0.110283736514064
2022-01-12,0.1075414497594429
2022-01-13,0.1093885421686106
2022-01-14,0.1081875322143253
2022-01-18,0.1080127790311391
2022-01-19,0.1085838476559502
2022-01-20,0.1101938034145152
2022-01-21,0.1206325746085989
2022-01-24,0.1203167568035323
2022-01-25,0.1178884487419696
2022-01-26,0.1180374438886499
2022-01-27,0.116497454400725
2022-01-28,0.1172933292559157
2022-01-31,0.1173384387231416
2022-02-01,0.1173504362349996
2022-02-02,0.1241951079306432
2022-02-03,0.1205083557113236
2022-02-04,0.1084442143727391
2022-02-07,0.1022773939815094
2022-02-08,0.1024863865223605
2022-02-09,0.1034574796585806
2022-02-10,0.1033873147315678
2022-02-11,0.1041937051694332
2022-02-14,0.1033573250148065
2022-02-15,0.1003039697134021
2022-02-16,0.1017930048738981
2022-02-17,0.1080531476485563
2022-02-18,0.1086376224271633
2022-02-22,0.1124368356887706
2022-02-23,0.1132945995997872
2022-02-24,0.1118812485045573
2022-02-25,0.1118127567527722
2022-02-28,0.1012644689543754
2022-03-01,0.0970870259389277
2022-03-02,0.0998663221923747
2022-03-03,0.1027869574106951
2022-03-04,0.1106064120515484
2022-03-07,0.1103747972317398
2022-03-08,0.1076663442153021
2022-03-09,0.1018957064855885
2022-03-10,0.1080069537509446
2022-03-11,0.1083725485734147
2022-03-14,0.1052042189573703
2022-03-15,0.1083523595958147
2022-03-16,0.1059174438703461
2022-03-17,0.1077294596593349
2022-03-18,0.1067702551215314
2022-03-21,0.1086026729638843
2022-03-22,0.1065093663646369
2022-03-23,0.1038921198911133
2022-03-24,0.10282220568884
2022-03-25,0.102439461300814
2022-03-28,0.0970870743567489
2022-03-29,0.0975777693067539
2022-03-30,0.0977940855451865
2022-03-31,0.0994848901187272
2022-04-01,0.09822165805305
2022-04-04,0.0982920877004173
2022-04-05,0.0993309529636177
2022-04-06,0.1037141446126793
2022-04-07,0.1034439527394532
2022-04-08,0.1061368577494064
2022-04-11,0.1116477073086551
2022-04-12,0.1095878105932514
2022-04-13,0.1080141607827088
2022-04-14,0.1099920653334496
2022-04-18,0.1075703431781299
2022-04-19,0.1075160070341724
2022-04-20,0.1077828915671978
2022-04-21,0.1084121887170174
2022-04-22,0.1074923340215905
2022-04-25,0.1061863500109632
2022-04-26,0.1095351078645674
2022-04-27,0.106621825379089
2022-04-28,0.1077970163325836
2022-04-29,0.1070175857929617
2022-05-02,0.1078497883308859
2022-05-03,0.1106074135492578
2022-05-04,0.1083210671722499
2022-05-05,0.1133794715843966
2022-05-06,0.1144071691076853
2022-05-09,0.1317373391894296
2022-05-10,0.1289708326030262
2022-05-11,0.1359943181473025
2022-05-12,0.1352972197114275
2022-05-13,0.1374133684440599
2022-05-16,0.1342136094657528
2022-05-17,0.1343873416930077
2022-05-18,0.136617090607074
2022-05-19,0.1286780716037863
2022-05-20,0.1336048359085503
2022-05-23,0.1365600972222837
2022-05-24,0.1329085181043305
2022-05-25,0.1345876919745064
2022-05-26,0.1386479292809609
2022-05-27,0.1452529719284251
2022-05-31,0.1299732492311703
2022-06-01,0.1376294157308364
2022-06-02,0.137091045565092
2022-06-03,0.1383142341120657
2022-06-06,0.1313784477490171
2022-06-07,0.1335456996333597
2022-06-08,0.1362190242246966
2022-06-09,0.1334292085867195
2022-06-10,0.1341248213339307
2022-06-13,0.1667436774240561
2022-06-14,0.1682133924392152
2022-06-15,0.1679004510052266
2022-06-16,0.1799054516810799
2022-06-17,0.1795102089902311
2022-06-21,0.1817808496669032
2022-06-22,0.1881164947892476
2022-06-23,0.1800129057428749
2022-06-24,0.1842409251626036
2022-06-27,0.1880887438639522
2022-06-28,0.1884334535379299
2022-06-29,0.1899535229849435
2022-06-30,0.1913283901525995
2022-07-01,0.1985187183835743
2022-07-05,0.1897656277887375
2022-07-06,0.1871244903619549
2022-07-07,0.1803629931818048
2022-07-08,0.1794376169972278
2022-07-11,0.1930056332931537
2022-07-12,0.1976204218501929
2022-07-13,0.1880945017394653
2022-07-14,0.1842680913298858
2022-07-15,0.1854050238090774
2022-07-18,0.1703683627598907
2022-07-19,0.1683106145186085
2022-07-20,0.1704522000526791
2022-07-21,0.1726317294939668
2022-07-22,0.1744060589838289
2022-07-25,0.1856986976820648
2022-07-26,0.184609015063697
2022-07-27,0.1754694201861752
2022-07-28,0.1707955577744885
2022-07-29,0.1735078239431465
2022-08-01,0.1766575743892662
2022-08-02,0.1780472224082763
2022-08-03,0.1818733066767247
2022-08-04,0.1834628529263272
2022-08-05,0.1779867737090063
2022-08-08,0.1738827961904955
2022-08-09,0.1779663943003665
2022-08-10,0.1758102168361594
2022-08-11,0.1756136856766796
2022-08-12,0.1753957202529197
2022-08-15,0.1780314456960721
2022-08-16,0.1802599228262109
2022-08-17,0.1831522281788522
2022-08-18,0.1845426499223133
2022-08-19,0.2025371476373538
2022-08-22,0.1933738952985791
2022-08-23,0.1917834041483414
2022-08-24,0.1935389688933519
2022-08-25,0.1943955706426136
2022-08-26,0.2002791707999417
2022-08-29,0.1985718430844796
2022-08-30,0.2013536622952365
2022-08-31,0.1972591829372988
2022-09-01,0.1970896001356998
2022-09-02,0.1965100107848552
2022-09-06,0.207466760104785
2022-09-07,0.2063143196587181
2022-09-08,0.2072537164508999
2022-09-09,0.1902310989618302
2022-09-12,0.1837428527275537
2022-09-13,0.1937599993610416
2022-09-14,0.1949504715520081
2022-09-15,0.198025903586986
2022-09-16,0.1958939752733301
2022-09-19,0.1995427839882381
2022-09-20,0.2041169333310173
2022-09-21,0.204337527190942
2022-09-22,0.1935756128582061
2022-09-23,0.1913824817256726
2022-09-26,0.1901421437576559
2022-09-27,0.1908522065286266
2022-09-28,0.1914394146030138
2022-09-29,0.1859939981451697
2022-09-30,0.1845234170489802
2022-10-03,0.1874494825610889
2022-10-04,0.186406995020583
2022-10-05,0.1876560276806874
2022-10-06,0.1876440403801946
2022-10-07,0.1862018680679741
2022-10-10,0.1887204681626539
2022-10-11,0.1883765341654564
2022-10-12,0.1867174861234189
2022-10-13,0.1893374623276169
2022-10-14,0.1867577539006191
2022-10-17,0.1881231401076604
2022-10-18,0.1924019829439104
2022-10-19,0.1930642453927478
2022-10-20,0.1923916241223554
2022-10-21,0.1957363993617149
2022-10-24,0.196289881516614
2022-10-25,0.1920351058632167
2022-10-26,0.1844255508457124
2022-10-27,0.1876826797060911
2022-10-28,0.1894145893433932
2022-10-31,0.1889160217483864
2022-11-01,0.1882376678749787
2022-11-02,0.1864971459064844
2022-11-03,0.1840619519818963
2022-11-04,0.1782999459149035
2022-11-07,0.1847708572345141
2022-11-08,0.2064642713768513
2022-11-09,0.2360444514574202
2022-11-10,0.2249628432769792
2022-11-11,0.2344053808963949
2022-11-14,0.2381274858911975
2022-11-15,0.2364122834190985
2022-11-16,0.2374878921510675
2022-11-17,0.2364977319195239
2022-11-18,0.2374771208321841
2022-11-21,0.2501975575057037
2022-11-22,0.2472907394016427
2022-11-23,0.2424496442077434
2022-11-25,0.2436847033572864
2022-11-28,0.2444262916208062
2022-11-29,0.2406588089475905
2022-11-30,0.2376500175306752
2022-12-01,0.2402627546686079
2022-12-02,0.2382691161239281
2022-12-05,0.2355747297439878
2022-12-06,0.2306246004206255
2022-12-07,0.2334930127734664
2022-12-08,0.2299890242452603
2022-12-09,0.2296354928664205
2022-12-12,0.2319225033417725
2022-12-13,0.2260602853569873
2022-12-14,0.2242590071514764
2022-12-15,0.2243466878330897
2022-12-16,0.2314079425241614
2022-12-19,0.2322222807669515
2022-12-20,0.2260470391269529
2022-12-21,0.2306188097941857
2022-12-22,0.2271130282860834
2022-12-23,0.2288998510472044
2022-12-27,0.2290608472083758
2022-12-28,0.2285578283539532
2022-12-29,0.2312943740898092
2022-12-30,0.2312591553179545
2023-01-03,0.2292669413086775
2023-01-04,0.2284833972243153
2023-01-05,0.2261780444524151
2023-01-06,0.2297715466308301
2023-01-09,0.2263296432697501
2023-01-10,0.2246465771852052
2023-01-11,0.2213344309447353
2023-01-12,0.2110893965974722
2023-01-13,0.2008626625538003
2023-01-17,0.188595623523609
2023-01-18,0.1899029266125511
2023-01-19,0.1848953562276743
2023-01-20,0.1751858033253821
2023-01-23,0.1752740212438159
2023-01-24,0.177454796308363
2023-01-25,0.1737280215073167
2023-01-26,0.1762892017337385
2023-01-27,0.1763771368876694
2023-01-30,0.1759083023641476
2023-01-31,0.1761765937981042
2023-02-01,0.173632185876342
2023-02-02,0.1780752692842613
2023-02-03,0.176400832979831
2023-02-06,0.1806265519374289
2023-02-07,0.1789867568800326
2023-02-08,0.1795103683516657
2023-02-09,0.1870614002893831
2023-02-10,0.1889254665097516
2023-02-13,0.1897134432910361
2023-02-14,0.1861377182771073
2023-02-15,0.1706280686008686
2023-02-16,0.1731502236544869
2023-02-17,0.1660488580958447
2023-02-21,0.1635816933706848
2023-02-22,0.1649954867655931
2023-02-23,0.1675465655002367
2023-02-24,0.1711362321227274
2023-02-27,0.169292259195879
2023-02-28,0.1715163636164197
2023-03-01,0.1671021676324688
2023-03-02,0.1695962057796541
2023-03-03,0.1809103358413483
2023-03-06,0.1804932516756304
2023-03-07,0.1794064565602738
2023-03-08,0.1838104471208059
2023-03-09,0.1924233135719072
2023-03-10,0.1912886207245854
2023-03-13,0.1593451686747834
2023-03-14,0.1583802749647
2023-03-15,0.159662625880454
2023-03-16,0.1580774108390501
2023-03-17,0.1428183319170102
2023-03-20,0.1423105281945863
2023-03-21,0.1420675823363037
2023-03-22,0.1441720765891389
2023-03-23,0.1393634425574312
2023-03-24,0.1444349035652313
2023-03-27,0.1465566081491992
2023-03-28,0.1456377791353416
2023-03-29,0.1420822401088243
2023-03-30,0.1444992971594316
2023-03-31,0.1442952512669927
2023-04-03,0.1484158693695153
2023-04-04,0.1455760798975902
2023-04-05,0.1451622595987226
2023-04-06,0.1463771015280041
2023-04-10,0.1385732495798074
2023-04-11,0.1358998504555775
2023-04-12,0.1357690298774657
2023-04-13,0.1363930115298308
2023-04-14,0.1357239703452143
2023-04-17,0.1409853452502188
2023-04-18,0.1366843625042543
2023-04-19,0.1441406581405756
2023-04-20,0.1462080206909913
2023-04-21,0.1515391587922993
2023-04-24,0.150299326458702
2023-04-25,0.1438352322318503
2023-04-26,0.1427024815729999
2023-04-27,0.1403060313325287
2023-04-28,0.1421077978252739
2023-05-01,0.1483672988231914
2023-05-02,0.143636782756708
2023-05-03,0.1410296655563209
2023-05-04,0.1407813597238949
2023-05-05,0.1400486257907146
2023-05-08,0.1494215086207747
2023-05-09,0.1489281381297597
2023-05-10,0.1497964198142895
2023-05-11,0.1529814594538759
2023-05-12,0.153854936788458
2023-05-15,0.1521099705164078
2023-05-16,0.152012170256448
2023-05-17,0.1517865601591994
2023-05-18,0.1564556167228765
2023-05-19,0.1558928927073465
2023-05-22,0.1561426605199618
2023-05-23,0.1522670136500604
2023-05-24,0.156266133231559
2023-05-25,0.1567928434860958
2023-05-26,0.1573937793803444
2023-05-30,0.1518109502923904
2023-05-31,0.1535592418880971
2023-06-01,0.1573834572328545
2023-06-02,0.1571535623744336
2023-06-05,0.165907369455394
2023-06-06,0.1572702446254934
2023-06-07,0.1619798199308466
2023-06-08,0.1619848746780829
2023-06-09,0.1623413514076462
2023-06-12,0.1675100926853103
2023-06-13,0.1685657443802137
2023-06-14,0.1740356724130613
2023-06-15,0.1730439307363036
2023-06-16,0.1674901171476048
2023-06-20,0.154927606618847
2023-06-21,0.1453907076477809
2023-06-22,0.1464913391290993
2023-06-23,0.141660324966531
2023-06-26,0.1430015893469044
2023-06-27,0.1426742293000278
2023-06-28,0.1454771010528456
2023-06-29,0.1444043085651673
2023-06-30,0.1460230039656242
2023-07-03,0.1430070291072076
2023-07-05,0.1457296857447037
2023-07-06,0.1474987463742151
2023-07-07,0.1449776443749823
2023-07-10,0.144981309331258
2023-07-11,0.1449745875204036
2023-07-12,0.1471509665838352
2023-07-13,0.1432848215381028
2023-07-14,0.1485267280503955
2023-07-17,0.1500300783397404
2023-07-18,0.152562103573335
2023-07-19,0.1526285966721313
2023-07-20,0.1522176335521944
2023-07-21,0.1516726955308129
2023-07-24,0.1561042343981667
2023-07-25,0.1562732718613158
2023-07-26,0.155569894527825
2023-07-27,0.1553338945844218
2023-07-28,0.156287442242437
2023-07-31,0.1569942690064966
2023-08-01,0.1542246680016256
2023-08-02,0.1548228761963426
2023-08-03,0.1542869720266108
2023-08-04,0.154021312735814
2023-08-07,0.1548440857494577
2023-08-08,0.1511609435002728
2023-08-09,0.1511327519402252
2023-08-10,0.1518481842687171
2023-08-11,0.1518502315031661
2023-08-14,0.1526677274270788
2023-08-15,0.1521359949349249
2023-08-16,0.1534514648924408
2023-08-17,0.163901499752788
2023-08-18,0.1677460396436389
2023-08-21,0.1684177896103041
2023-08-22,0.1685467018521919
2023-08-23,0.1678295278208822
2023-08-24,0.1672749658738042
2023-08-25,0.1691402841215241
2023-08-28,0.1698186056641196
2023-08-29,0.1622089011846292
2023-08-30,0.1653964239206651
2023-08-31,0.1738297016912213
2023-09-01,0.175024930032019
2023-09-05,0.1744310761945795
2023-09-06,0.1733949055401638
2023-09-07,0.1696306023529622
2023-09-08,0.1720663058069414
2023-09-11,0.1783381001063471
2023-09-12,0.172718636252566
2023-09-13,0.1703288362667327
2023-09-14,0.1697496407390674
2023-09-15,0.1672505960406648
2023-09-18,0.166460453321139
2023-09-19,0.163313772260476
2023-09-20,0.162251176755314
2023-09-21,0.1629802711652483
2023-09-22,0.1625331156692769
2023-09-25,0.1649311999817004
2023-09-26,0.1630045021944044
2023-09-27,0.1622037605675589
2023-09-28,0.1591211715303586
2023-09-29,0.1593376303206643
2023-10-02,0.1557670844612728
2023-10-03,0.1541907950421203
2023-10-04,0.1533756425956332
2023-10-05,0.1553181934789666
2023-10-06,0.1541690352791994
2023-10-09,0.1571820914528328
2023-10-10,0.1591120122200179
2023-10-11,0.1628734426715623
2023-10-12,0.1625609211035075
2023-10-13,0.1611093503517931
2023-10-16,0.153355948551315
2023-10-17,0.1539005831589726
2023-10-18,0.152306835627499
2023-10-19,0.148956434614314
2023-10-20,0.1423093145199231
2023-10-23,0.1274560287298484
2023-10-24,0.1252946550965451
2023-10-25,0.1213457329461971
2023-10-26,0.1211251738600487
2023-10-27,0.1214212417155853
2023-10-30,0.1207691134155778
2023-10-31,0.1209711049704832
2023-11-01,0.1195877049190266
2023-11-02,0.1235832003792406
2023-11-03,0.1254836795919687
2023-11-06,0.1246092342027212
2023-11-07,0.1235310328303623
2023-11-08,0.1229209281672999
2023-11-09,0.1184786004914067
2023-11-10,0.1183267388134638
2023-11-13,0.1208565789258248
2023-11-14,0.1265053086318248
2023-11-15,0.1188703985355293
2023-11-16,0.1246928217998554
2023-11-17,0.1233450568811146
2023-11-20,0.1213380232290654
2023-11-21,0.1267161920112875
2023-11-22,0.1217295027830943
2023-11-24,0.120872371378461
2023-11-27,0.1221455322689879
2023-11-28,0.1204007240036354
2023-11-29,0.1201997178225575
2023-11-30,0.1211208484614835
2023-12-01,0.1187588092872605
2023-12-04,0.1088558636184092
2023-12-05,0.1036096413657991
2023-12-06,0.1039933601747999
2023-12-07,0.105920712967212
2023-12-08,0.1042500431162192
2023-12-11,0.1120759084147146
2023-12-12,0.112030766006327
2023-12-13,0.1097460571601352
2023-12-14,0.1096958163857958
2023-12-15,0.1125498974382193
2023-12-18,0.1112192971973196
2023-12-19,0.1128060238853996
2023-12-20,0.1076313385371029
2023-12-21,0.1082024554020421
2023-12-22,0.1080649219516235
2023-12-26,0.1122931519179717
2023-12-27,0.1100659711828694
2023-12-28,0.1122118400059526
2023-12-29,0.1132992349672422
2024-01-02,0.1054947589936433
2024-01-03,0.1098018754080199
2024-01-04,0.1061269458340627
2024-01-05,0.1063621823037315
2024-01-08,0.1014155617442429
2024-01-09,0.1030890287324398
2024-01-10,0.1025879951353433
2024-01-11,0.1030922150789386
2024-01-12,0.111633055498103
2024-01-16,0.1104387908722077
2024-01-17,0.1108777696532088
2024-01-18,0.1158677027842334
2024-01-19,0.1162901344544819
2024-01-22,0.1227728021652607
2024-01-23,0.1220864061928181
2024-01-24,0.1214796713481084
2024-01-25,0.1225568090947373
2024-01-26,0.1169616493754062
2024-01-29,0.1138399131512225
2024-01-30,0.114660559311916
2024-01-31,0.113794114967902
2024-02-01,0.1138967347510264
2024-02-02,0.1148202197442377
2024-02-05,0.1158688326183708
2024-02-06,0.1149882258554104
2024-02-07,0.1127089436175599
2024-02-08,0.1103253276372462
2024-02-09,0.10661523794784
2024-02-12,0.1005207867042032
2024-02-13,0.0995763332447258
2024-02-14,0.0964873428073159
2024-02-15,0.0968400066334393
2024-02-16,0.0959653054307148
2024-02-20,0.0951615503647087
2024-02-21,0.0961010539657278
2024-02-22,0.0991527628177489
2024-02-23,0.1003075947810562
2024-02-26,0.0929806752313323
2024-02-27,0.0889576449882662
2024-02-28,0.0811099412007554
2024-02-29,0.0832745864403841
2024-03-01,0.0822714288234536
2024-03-04,0.0750902839637318
2024-03-05,0.0796011668202504
2024-03-06,0.0772198836376408
2024-03-07,0.0770612258012701
2024-03-08,0.0750173193050156
2024-03-11,0.0709603820356894
2024-03-12,0.0724003454247478
2024-03-13,0.0706768293608509
2024-03-14,0.0721390154620471
2024-03-15,0.0737292742210635
2024-03-18,0.0762328219730703
2024-03-19,0.0836420253544711
2024-03-20,0.0769303142201439
2024-03-21,0.0800338752183314
2024-03-22,0.0820677610340383
2024-03-25,0.0745894584961151
2024-03-26,0.0743497781924827
2024-03-27,0.075566399228641
2024-03-28,0.0742717305695613
2024-04-01,0.0752311103327495
2024-04-02,0.0795424119299826
2024-04-03,0.0789849357246851
2024-04-04,0.075132051268016
2024-04-05,0.0767175832738507
2024-04-08,0.0726272708225949
2024-04-09,0.0753541268870213
2024-04-10,0.0731094336747111
2024-04-11,0.0742080336579109
2024-04-12,0.0762459117009963
2024-04-15,0.0798064356896024
2024-04-16,0.0791609882003597
2024-04-17,0.0819595484952252
2024-04-18,0.078899430570816
2024-04-19,0.0778031359486205
2024-04-22,0.0749666972444786
2024-04-23,0.07635533793538
2024-04-24,0.0789028407732511
2024-04-25,0.0782922809321466
2024-04-26,0.0799926960752417
2024-04-29,0.0801390989729325
2024-04-30,0.0830466867465028
2024-05-01,0.0861466873894884
2024-05-02,0.0856547038541388
2024-05-03,0.0815360695829848
2024-05-06,0.082023121490954
2024-05-07,0.0832231567267815
2024-05-08,0.0847825535987897
2024-05-09,0.0826975941078472
2024-05-10,0.0859095505087692
2024-05-13,0.0830095329555391
2024-05-14,0.0852387073874724
2024-05-15,0.0801018678558809
2024-05-16,0.0812045321102071
2024-05-17,0.0790920465614309
2024-05-20,0.0742934074065245
2024-05-21,0.0758721605048011
2024-05-22,0.0767770604631123
2024-05-23,0.0775485613314527
2024-05-24,0.0774116737110095
2024-05-28,0.0776915638402382
2024-05-29,0.0779387210121253
2024-05-30,0.0765813000623148
2024-05-31,0.0781952762278442
2024-06-03,0.0767882668378333
2024-06-04,0.0749823917037191
2024-06-05,0.0753210095156387
2024-06-06,0.0756525509729193
2024-06-07,0.0771097610809374
2024-06-10,0.0771200418496192
2024-06-11,0.07983302633869
2024-06-12,0.0794392651088647
2024-06-13,0.0813965456728808
2024-06-14,0.0822831404404089
2024-06-17,0.0823162211285998
2024-06-18,0.0842334500937303
2024-06-20,0.0844251637851123
2024-06-21,0.0852565391363945
2024-06-24,0.0903799574337869
2024-06-25,0.0884933517836064
2024-06-26,0.0900803295312913
2024-06-27,0.0890006955246296
2024-06-28,0.0905249934350929
2024-07-01,0.087110856379016
2024-07-02,0.0888134320707269
2024-07-03,0.0920169376866172
2024-07-05,0.0982519695195665
2024-07-08,0.0982777621059614
2024-07-09,0.0961395335009341
2024-07-10,0.097569563794105
2024-07-11,0.0973850973597402
2024-07-12,0.0969844904924437
2024-07-15,0.0868075688338706
2024-07-16,0.0870575798071032
2024-07-17,0.0871549472594539
2024-07-18,0.0866693357983621
2024-07-19,0.0825211678319221
2024-07-22,0.0823317241003029
2024-07-23,0.0842702324588191
2024-07-24,0.0830190120670923
2024-07-25,0.0820834276086957
2024-07-26,0.0803848373425008
2024-07-29,0.0817651461501758
2024-07-30,0.0821201893971132
2024-07-31,0.0854590513614364
2024-08-01,0.0833367276254637
2024-08-02,0.0870561634376031
2024-08-05,0.0960583463254784
2024-08-06,0.0935146553259599
2024-08-07,0.0944891861520845
2024-08-08,0.0861983191325118
2024-08-09,0.0877817051942954
2024-08-12,0.0900418456867619
2024-08-13,0.089662911286243
2024-08-14,0.0928747625565938
2024-08-15,0.0963031759943836
2024-08-16,0.0943090986066026
2024-08-19,0.0942666748258277
2024-08-20,0.0948458772346435
2024-08-21,0.0918812016513281
2024-08-22,0.0922567663382234
2024-08-23,0.0879111713047566
2024-08-26,0.0893253955952896
2024-08-27,0.0945446902388213
2024-08-28,0.094738356418393
2024-08-29,0.09415947736338
2024-08-30,0.0955421162494963
2024-09-03,0.0962707931158178
2024-09-04,0.0952203428352571
2024-09-05,0.0979943430813687
2024-09-06,0.100251062911917
2024-09-09,0.0959504455744025
2024-09-10,0.0953277173099192
2024-09-11,0.0968577373940827
2024-09-12,0.0962678039032923
2024-09-13,0.0928826019412942
2024-09-16,0.0968009466424815
2024-09-17,0.0934292252094794
2024-09-18,0.091132018756687
2024-09-19,0.0907784977456061
2024-09-20,0.0902402468579318
2024-09-23,0.0902982443284717
2024-09-24,0.0891563709047594
2024-09-25,0.0906236109732072
2024-09-26,0.0881448335497878
2024-09-27,0.0872186047008712
2024-09-30,0.0909920334199504
2024-10-01,0.0938367977858871
2024-10-02,0.0941658877181557
2024-10-03,0.093811652543231
2024-10-04,0.0926583477004676
2024-10-07,0.0915206556249346
2024-10-08,0.0925631361522324
2024-10-09,0.0956064561921328
2024-10-10,0.0958954417653817
2024-10-11,0.0931222903146846
2024-10-14,0.0887236018412321
2024-10-15,0.0867416995309081
2024-10-16,0.0864108162318757
2024-10-17,0.08666890851575
2024-10-18,0.0857172423282392
2024-10-21,0.0868957498969336
2024-10-22,0.0868627975727941
2024-10-23,0.0872682273196554
2024-10-24,0.0852372353966335
2024-10-25,0.0871535072505087
2024-10-28,0.0833029151807521
2024-10-29,0.0802101271101906
2024-10-30,0.0803664219763979
2024-10-31,0.0812566397449625
2024-11-01,0.0824495719243928
2024-11-04,0.0842436649130695
2024-11-05,0.0833736482352379
2024-11-06,0.0783859373492661
2024-11-07,0.078691932859618
2024-11-08,0.0783265100474891
2024-11-11,0.067657831657975
2024-11-12,0.0680340510114098
2024-11-13,0.0660753448989471
2024-11-14,0.0681849928210418
2024-11-15,0.064465548212839
2024-11-18,0.0650922049158813
2024-11-19,0.0640755598242132
2024-11-20,0.0627214512827881
2024-11-21,0.0603900966839709
2024-11-22,0.0602977848041079
2024-11-25,0.0643095854576627
2024-11-26,0.0654629441127707
2024-11-27,0.0625112755596992
2024-11-29,0.0618949886072829
2024-12-02,0.0630796503704457
2024-12-03,0.0630181615372114
2024-12-04,0.0616237799362334
2024-12-05,0.0628935222461187
2024-12-06,0.0609510276937549
2024-12-09,0.0621233829386111
2024-12-10,0.0624244461675281
2024-12-11,0.0601364797143631
2024-12-12,0.0604864908089521
2024-12-13,0.0596405884905309
2024-12-16,0.0572865810617365
2024-12-17,0.0570056111818661
2024-12-18,0.0586972192878942
2024-12-19,0.0601807643690015
2024-12-20,0.0606699779401169
2024-12-23,0.0630933247133068
2024-12-24,0.0612107736486326
2024-12-26,0.0630258087172334
2024-12-27,0.0634083657468426
2024-12-30,0.0637600951179386
2024-12-31,0.0629527994040942
2025-01-02,0.060571153777924
2025-01-03,0.0605710518945629
2025-01-06,0.0585373425445211
2025-01-07,0.0609664154489732
2025-01-08,0.0622688404843471
2025-01-10,0.0615306296448394
2025-01-13,0.0617481473353493
2025-01-14,0.0605269368207039
2025-01-15,0.0592004399678963
2025-01-16,0.059518083177825
2025-01-17,0.0574051608609915
2025-01-21,0.0569896660872284
2025-01-22,0.058718666980514
2025-01-23,0.0588562893902728
2025-01-24,0.0582071193228477
2025-01-27,0.0588932899979368
2025-01-28,0.0598791266250169
2025-01-29,0.0582364808572179
2025-01-30,0.0579667948643451
2025-01-31,0.0589866549744301
2025-02-03,0.0591148847209384
2025-02-04,0.0616917092533258
2025-02-05,0.062738208791183
2025-02-06,0.0629812835987098
2025-02-07,0.0624266787139854
2025-02-10,0.0622597720238611
2025-02-11,0.0633802914585419
2025-02-12,0.0618268078094783
2025-02-13,0.0632873636940277
2025-02-14,0.0627083842768309
2025-02-18,0.0641575167416765
2025-02-19,0.0635805987263041
2025-02-20,0.0622116857624179
2025-02-21,0.062554961488353
2025-02-24,0.0654492414066336
2025-02-25,0.0671118651409594
2025-02-26,0.0706137551256578
2025-02-27,0.069200440900003
2025-02-28,0.0705735181710308
2025-03-03,0.0679681002588321
2025-03-04,0.0662463250511154
2025-03-05,0.0644714213570284
2025-03-06,0.0637884602575348
2025-03-07,0.0665208953169855
2025-03-10,0.0714939140553373
2025-03-11,0.0672450054274024
2025-03-12,0.0668793837928973
2025-03-13,0.0681108248724189
2025-03-14,0.0671549395727316
2025-03-17,0.0675001333433937
2025-03-18,0.0678767162877711
2025-03-19,0.0653427042491545
2025-03-20,0.0672814404197894
2025-03-21,0.0674362377161682
2025-03-24,0.0659159017687808
2025-03-25,0.0660402129599411
2025-03-26,0.065732360943183
2025-03-27,0.0653074024778403
2025-03-28,0.0661616080108894
2025-03-31,0.0679821189822965
2025-04-01,0.0661397745241226
2025-04-02,0.0687509406221967
2025-04-03,0.0649378624204463
2025-04-04,0.0605182469597718
2025-04-07,0.0638887933029406
2025-04-08,0.0653289946746889
2025-04-09,0.0660850025441209
2025-04-10,0.0661598033426915
2025-04-11,0.064305142537542
2025-04-14,0.0639439005081215
2025-04-15,0.0644997596088978
2025-04-16,0.062780642756106
2025-04-17,0.0622257320927431
2025-04-21,0.0589381245302354
2025-04-22,0.0565887497594176
2025-04-23,0.0573736495377574
2025-04-24,0.0583835250647702
2025-04-25,0.0583317229209885
2025-04-28,0.0582103891659976
2025-04-29,0.0589790795887426
2025-04-30,0.0591149445919471
2025-05-01,0.0580786036763444
2025-05-02,0.0586798658130939
2025-05-05,0.0596358405610405
2025-05-06,0.0579211437078257
2025-05-07,0.0580350935339924
2025-05-08,0.0548610983414412
2025-05-09,0.0549661391584648
2025-05-12,0.0568429343168548
2025-05-13,0.0565091715480192
2025-05-14,0.056911468270122
2025-05-15,0.0570335984599806
2025-05-16,0.0575748460230901
2025-05-19,0.0564701811513604
2025-05-20,0.0556269271801785
2025-05-21,0.0532887698544476
2025-05-22,0.0523134065752634
2025-05-23,0.0540864850732237
2025-05-27,0.054328726670477
2025-05-28,0.0546235865876621
2025-05-29,0.0559643274051565
2025-05-30,0.0568439539470832
2025-06-02,0.0560620900673482
2025-06-03,0.0566274335408417
2025-06-04,0.0570103783884668
2025-06-05,0.0584715143886325
2025-06-06,0.057480027823754
2025-06-09,0.054453318878609
2025-06-10,0.0547701934736992
2025-06-11,0.0554092118912975
2025-06-12,0.0570689484906576
2025-06-13,0.056338162289085
2025-06-16,0.0564915076717348
2025-06-17,0.0571955670809861
2025-06-18,0.0570240306453614
2025-06-20,0.0577665556104152
2025-06-23,0.0570685450706325
2025-06-24,0.0574486663354904
2025-06-25,0.0567444931288863
2025-06-26,0.0574141737054155
2025-06-27,0.0576446012163283
2025-06-30,0.0579169341376995
2025-07-01,0.0586386996299904
2025-07-02,0.0572061253367932
2025-07-03,0.0572682715588188
2025-07-07,0.0575252864208536
2025-07-08,0.0571409306567969
2025-07-09,0.0562602497059783
2025-07-10,0.054147869693599
2025-07-11,0.0532667649458937
2025-07-14,0.0523035092715733
2025-07-15,0.0530133203055557
2025-07-16,0.05275205416261
2025-07-17,0.0527904108624607
2025-07-18,0.0533611683552349
2025-07-21,0.0536923096598708
2025-07-22,0.0525821771313786
2025-07-23,0.0535464801305998
2025-07-24,0.0537590404303211
2025-07-25,0.0543086002669917
2025-07-28,0.0541852735394137
2025-07-29,0.0540259819524732
2025-07-30,0.0540001338978591
2025-07-31,0.0547640682524524
2025-08-01,0.0550476970963954
2025-08-04,0.0550085719177842
2025-08-05,0.0551875782206904
2025-08-06,0.0551610047866063
2025-08-07,0.0539588711217975
2025-08-08,0.0547563623628219
2025-08-11,0.0536795469686875
2025-08-12,0.053637379395782
2025-08-13,0.0524271695536621
2025-08-14,0.0546515976276212
2025-08-15,0.0549394409618586
2025-08-18,0.0554754547557387
2025-08-19,0.0568226808843494
2025-08-20,0.0559684464189135
2025-08-21,0.0566645153497975
2025-08-22,0.0553322843500848
2025-08-25,0.0584731690389493
2025-08-26,0.0578335091336995
2025-08-27,0.0582744084820738
2025-08-28,0.057771301672563
2025-08-29,0.0595905354825361
2025-09-02,0.0576934013879057
2025-09-03,0.0577163841919319
2025-09-04,0.0587235240397665
2025-09-05,0.0585760717503784
2025-09-08,0.0579554478822553
2025-09-09,0.0583930595317566
2025-09-10,0.0573210428617675
2025-09-11,0.0570306515774639
2025-09-12,0.0567114603039552
2025-09-15,0.0573024985748068
2025-09-16,0.0565438166056964
2025-09-17,0.0566706848196424
2025-09-18,0.0566170250271416
2025-09-19,0.057605891347576
2025-09-22,0.0593688566693198
2025-09-23,0.0594290910719148
2025-09-24,0.0585727547408618
2025-09-25,0.0605663757336221
2025-09-26,0.0605553635691815
2025-09-29,0.0582271649549905
2025-09-30,0.0586418506821513
2025-10-01,0.0565635123130785
2025-10-02,0.0556453439364192
2025-10-03,0.0549274602820835
2025-10-06,0.0540292025950876
2025-10-07,0.0552862362556725
2025-10-08,0.0547503342902397
2025-10-09,0.055339365168826
2025-10-10,0.0578770162162639
2025-10-13,0.0577310486124487
2025-10-14,0.0587375223501813
2025-10-15,0.0602172732205966
2025-10-16,0.0612747252941673
2025-10-17,0.0625917925440624
2025-10-20,0.0609023878054023
2025-10-21,0.062090183990801
2025-10-22,0.0622108633335749
2025-10-23,0.0612197390858422
2025-10-24,0.061167702866987
2025-10-27,0.0602453613179296
2025-10-28,0.0610049942286101
2025-10-29,0.0626102473053498
2025-10-30,0.0629916014516223
2025-10-31,0.0624355576324329
2025-11-03,0.0643090519026757
2025-11-04,0.0666553294102619
2025-11-05,0.0654169788966965
2025-11-06,0.0663399240662426
2025-11-07,0.0650928042481114
2025-11-10,0.0644589598029535
2025-11-11,0.0664735740244223
2025-11-12,0.0673884037117663
2025-11-13,0.0675793351120996
